tenant,item_code,uom,conversion_factor,is_stock_uom
acme,ACM-BALL0511,Nos,1.0,1
acme,ACM-BALL0511,Carton,24.0,0
acme,ACM-HEXB1049,Pcs,1.0,1
acme,ACM-HEXB1049,Carton,24.0,0
acme,ACM-HEXB0883,Pcs,1.0,1
acme,ACM-HEXB0883,Carton,100.0,0
acme,ACM-PVCP1029,Length,1.0,1
acme,ACM-ANGL0886-OLD,Packet,1.0,1
acme,ACM-ANGL0886-OLD,Carton,10.0,0
acme,ACM-SELF0149,Packet,1.0,1
acme,ACM-SELF0149,Carton,6.0,0
acme,ACM-SAFE0582,Nos,1.0,1
acme,ACM-SAFE0582,Carton,12.0,0
acme,ACM-HEXB0936,Pcs,1.0,1
acme,ACM-HEXB0936,Carton,6.0,0
acme,ACM-PVCP0949,Length,1.0,1
acme,ACM-HEXB0987,Pcs,1.0,1
acme,ACM-HEXB0987,Carton,12.0,0
acme,ACM-SAFE0135,Nos,1.0,1
acme,ACM-SAFE0135,Carton,24.0,0
acme,ACM-HEXB0972,Pcs,1.0,1
acme,ACM-HEXB0972,Carton,100.0,0
acme,ACM-HOSE0191-OLD,Pcs,1.0,1
acme,ACM-HOSE0191-OLD,Carton,12.0,0
acme,ACM-WALL0580,Packet,1.0,1
acme,ACM-WALL0580,Carton,24.0,0
acme,ACM-HEXB0365,Pcs,1.0,1
acme,ACM-HEXB0365,Carton,24.0,0
acme,ACM-PVCP0297,Length,1.0,1
acme,ACM-NITR0589,Box,1.0,1
acme,ACM-PVCP1055,Length,1.0,1
acme,ACM-HEXB0077,Pcs,1.0,1
acme,ACM-HEXB0077,Carton,10.0,0
acme,ACM-HEXB0176,Pcs,1.0,1
acme,ACM-HEXB0176,Carton,24.0,0
acme,ACM-HEXB0965,Pcs,1.0,1
acme,ACM-HEXB0965,Carton,100.0,0
acme,ACM-ANGL0454,Packet,1.0,1
acme,ACM-ANGL0454,Carton,24.0,0
acme,ACM-NITR0092,Box,1.0,1
acme,ACM-GIWI0644,Kg,1.0,1
acme,ACM-NITR0344,Box,1.0,1
acme,ACM-GIWI0419,Kg,1.0,1
acme,ACM-NITR0935,Box,1.0,1
acme,ACM-ANGL0085,Packet,1.0,1
acme,ACM-ANGL0085,Carton,24.0,0
acme,ACM-PVCP0643B,Length,1.0,1
acme,ACM-PVCP0643B,Carton,144.0,0
acme,ACM-CABL0248,Packet,1.0,1
acme,ACM-CABL0248,Carton,6.0,0
acme,ACM-CABL0775,Packet,1.0,1
acme,ACM-CABL0775,Carton,50.0,0
acme,ACM-HEXB0608,Pcs,1.0,1
acme,ACM-HEXB0608,Carton,50.0,0
acme,ACM-CABL0555,Packet,1.0,1
acme,ACM-CABL0555,Carton,12.0,0
acme,ACM-SELF0081,Packet,1.0,1
acme,ACM-SELF0081,Carton,50.0,0
acme,ACM-GIWI0948,Kg,1.0,1
acme,ACM-HOSE0637,Pcs,1.0,1
acme,ACM-HOSE0637,Carton,50.0,0
acme,ACM-HEXB0943-OLD,Pcs,1.0,1
acme,ACM-HEXB0943-OLD,Carton,6.0,0
acme,ACM-WALL0257,Packet,1.0,1
acme,ACM-WALL0257,Carton,12.0,0
acme,ACM-HEXB1010,Pcs,1.0,1
acme,ACM-HEXB1010,Carton,24.0,0
acme,ACM-BALL0667,Nos,1.0,1
acme,ACM-BALL0667,Carton,24.0,0
acme,ACM-HEXB0606,Pcs,1.0,1
acme,ACM-HEXB0606,Carton,10.0,0
acme,ACM-CABL0786B,Packet,1.0,1
acme,ACM-CABL0786B,Carton,144.0,0
acme,ACM-SELF0590,Packet,1.0,1
acme,ACM-SELF0590,Carton,10.0,0
acme,ACM-HOSE0969,Pcs,1.0,1
acme,ACM-HOSE0969,Carton,50.0,0
acme,ACM-CABL0706,Packet,1.0,1
acme,ACM-CABL0706,Carton,100.0,0
acme,ACM-NITR0574,Box,1.0,1
acme,ACM-BALL0695,Nos,1.0,1
acme,ACM-BALL0695,Carton,10.0,0
acme,ACM-HEXB0826,Pcs,1.0,1
acme,ACM-HEXB0826,Carton,50.0,0
acme,ACM-GIWI0446,Kg,1.0,1
acme,ACM-CABL0921,Packet,1.0,1
acme,ACM-CABL0921,Carton,24.0,0
acme,ACM-SELF0276,Packet,1.0,1
acme,ACM-SELF0276,Carton,100.0,0
acme,ACM-PVCP0159,Length,1.0,1
acme,ACM-WALL0532,Packet,1.0,1
acme,ACM-WALL0532,Carton,12.0,0
acme,ACM-SELF0069,Packet,1.0,1
acme,ACM-SELF0069,Carton,50.0,0
acme,ACM-HEXB0008,Pcs,1.0,1
acme,ACM-HEXB0008,Carton,24.0,0
acme,ACM-PVCP0928,Length,1.0,1
acme,ACM-WALL0030,Packet,1.0,1
acme,ACM-WALL0030,Carton,24.0,0
acme,ACM-GIWI0968,Kg,1.0,1
acme,ACM-PVCP0996,Length,1.0,1
acme,ACM-HOSE0424,Pcs,1.0,1
acme,ACM-HOSE0424,Carton,6.0,0
acme,ACM-GIWI0889,Kg,1.0,1
acme,ACM-MASK0269,Roll,1.0,1
acme,ACM-MASK0269,Carton,100.0,0
acme,ACM-CABL0015,Packet,1.0,1
acme,ACM-CABL0015,Carton,100.0,0
acme,ACM-MISC001,Nos,1.0,1
acme,ACM-ANGL0067,Packet,1.0,1
acme,ACM-ANGL0067,Carton,24.0,0
acme,ACM-PVCP1037,Length,1.0,1
acme,ACM-ANGL0477,Packet,1.0,1
acme,ACM-ANGL0477,Carton,6.0,0
acme,ACM-PVCP0941,Length,1.0,1
acme,ACM-SELF0129,Packet,1.0,1
acme,ACM-SELF0129,Carton,10.0,0
acme,ACM-WALL0592,Packet,1.0,1
acme,ACM-WALL0592,Carton,24.0,0
acme,ACM-BALL0510,Nos,1.0,1
acme,ACM-BALL0510,Carton,12.0,0
acme,ACM-HEXB0345,Pcs,1.0,1
acme,ACM-HEXB0345,Carton,24.0,0
acme,ACM-SELF0922,Packet,1.0,1
acme,ACM-SELF0922,Carton,12.0,0
acme,ACM-HEXB0387,Pcs,1.0,1
acme,ACM-HEXB0387,Carton,50.0,0
acme,ACM-PVCP0363,Length,1.0,1
acme,ACM-CABL0607,Packet,1.0,1
acme,ACM-CABL0607,Carton,24.0,0
acme,ACM-ANGL0765,Packet,1.0,1
acme,ACM-ANGL0765,Carton,100.0,0
acme,ACM-CABL0990,Packet,1.0,1
acme,ACM-CABL0990,Carton,10.0,0
acme,ACM-HEXB0246,Pcs,1.0,1
acme,ACM-HEXB0246,Carton,12.0,0
acme,ACM-NITR0925,Box,1.0,1
acme,ACM-CABL0958,Packet,1.0,1
acme,ACM-CABL0958,Carton,10.0,0
acme,ACM-HEXB0639,Pcs,1.0,1
acme,ACM-HEXB0639,Carton,12.0,0
acme,ACM-CABL0035,Packet,1.0,1
acme,ACM-CABL0035,Carton,6.0,0
acme,ACM-BALL0952,Nos,1.0,1
acme,ACM-BALL0952,Carton,50.0,0
acme,ACM-MASK0527,Roll,1.0,1
acme,ACM-MASK0527,Carton,12.0,0
acme,ACM-PVCP0392,Length,1.0,1
acme,ACM-BALL1017,Nos,1.0,1
acme,ACM-BALL1017,Carton,100.0,0
acme,ACM-HEXB0653,Pcs,1.0,1
acme,ACM-HEXB0653,Carton,24.0,0
acme,ACM-PVCP0151,Length,1.0,1
acme,ACM-WALL0842,Packet,1.0,1
acme,ACM-WALL0842,Carton,10.0,0
acme,ACM-CABL1080,Packet,1.0,1
acme,ACM-CABL1080,Carton,6.0,0
acme,ACM-SELF0302,Packet,1.0,1
acme,ACM-SELF0302,Carton,10.0,0
acme,ACM-SELF0989,Packet,1.0,1
acme,ACM-SELF0989,Carton,100.0,0
acme,ACM-SAFE0624,Nos,1.0,1
acme,ACM-SAFE0624,Carton,10.0,0
acme,ACM-HEXB0130,Pcs,1.0,1
acme,ACM-HEXB0130,Carton,12.0,0
acme,ACM-ANGL0444,Packet,1.0,1
acme,ACM-ANGL0444,Carton,6.0,0
acme,ACM-GIWI0955,Kg,1.0,1
acme,ACM-CABL0098,Packet,1.0,1
acme,ACM-CABL0098,Carton,50.0,0
acme,ACM-HOSE0853,Pcs,1.0,1
acme,ACM-HOSE0853,Carton,12.0,0
acme,ACM-NITR0804,Box,1.0,1
acme,ACM-CABL0816,Packet,1.0,1
acme,ACM-CABL0816,Carton,10.0,0
acme,ACM-CABL1088,Packet,1.0,1
acme,ACM-CABL1088,Carton,6.0,0
acme,ACM-HEXB0147,Pcs,1.0,1
acme,ACM-HEXB0147,Carton,100.0,0
acme,ACM-WALL0559,Packet,1.0,1
acme,ACM-WALL0559,Carton,50.0,0
acme,ACM-CABL0054,Packet,1.0,1
acme,ACM-CABL0054,Carton,12.0,0
acme,ACM-CABL0744,Packet,1.0,1
acme,ACM-CABL0744,Carton,24.0,0
acme,ACM-ANGL0336,Packet,1.0,1
acme,ACM-ANGL0336,Carton,24.0,0
acme,ACM-ANGL0810,Packet,1.0,1
acme,ACM-ANGL0810,Carton,10.0,0
acme,ACM-NITR1076,Box,1.0,1
acme,ACM-CABL0687,Packet,1.0,1
acme,ACM-CABL0687,Carton,50.0,0
acme,ACM-WALL0047-OLD,Packet,1.0,1
acme,ACM-WALL0047-OLD,Carton,12.0,0
acme,ACM-CABL0368,Packet,1.0,1
acme,ACM-CABL0368,Carton,12.0,0
acme,ACM-HOSE0180,Pcs,1.0,1
acme,ACM-HOSE0180,Carton,100.0,0
acme,ACM-CABL1016,Packet,1.0,1
acme,ACM-CABL1016,Carton,100.0,0
acme,ACM-CABL0792,Packet,1.0,1
acme,ACM-CABL0792,Carton,100.0,0
acme,ACM-SAFE0847,Nos,1.0,1
acme,ACM-SAFE0847,Carton,6.0,0
acme,ACM-CABL0078,Packet,1.0,1
acme,ACM-CABL0078,Carton,50.0,0
acme,ACM-SELF0288,Packet,1.0,1
acme,ACM-SELF0288,Carton,24.0,0
acme,ACM-SELF0079,Packet,1.0,1
acme,ACM-SELF0079,Carton,50.0,0
acme,ACM-PVCP0619,Length,1.0,1
acme,ACM-WALL0371,Packet,1.0,1
acme,ACM-WALL0371,Carton,50.0,0
acme,ACM-SELF0686,Packet,1.0,1
acme,ACM-SELF0686,Carton,12.0,0
acme,ACM-HOSE0244,Pcs,1.0,1
acme,ACM-HOSE0244,Carton,100.0,0
acme,ACM-SELF0694,Packet,1.0,1
acme,ACM-SELF0694,Carton,10.0,0
acme,ACM-HEXB0877,Pcs,1.0,1
acme,ACM-HEXB0877,Carton,10.0,0
acme,ACM-BALL0978,Nos,1.0,1
acme,ACM-BALL0978,Carton,24.0,0
acme,ACM-HEXB0087,Pcs,1.0,1
acme,ACM-HEXB0087,Carton,12.0,0
acme,ACM-SAFE0144,Nos,1.0,1
acme,ACM-SAFE0144,Carton,12.0,0
acme,ACM-HEXB0757,Pcs,1.0,1
acme,ACM-HEXB0757,Carton,24.0,0
acme,ACM-BALL0037,Nos,1.0,1
acme,ACM-BALL0037,Carton,100.0,0
acme,ACM-MASK0770,Roll,1.0,1
acme,ACM-MASK0770,Carton,50.0,0
acme,ACM-PVCP0195,Length,1.0,1
acme,ACM-HEXB0350,Pcs,1.0,1
acme,ACM-HEXB0350,Carton,12.0,0
acme,ACM-CABL0910,Packet,1.0,1
acme,ACM-CABL0910,Carton,100.0,0
acme,ACM-SELF0121,Packet,1.0,1
acme,ACM-SELF0121,Carton,10.0,0
acme,ACM-BALL0562,Nos,1.0,1
acme,ACM-BALL0562,Carton,50.0,0
acme,ACM-PVCP0482,Length,1.0,1
acme,ACM-HEXB0361,Pcs,1.0,1
acme,ACM-HEXB0361,Carton,12.0,0
acme,ACM-BALL0851,Nos,1.0,1
acme,ACM-BALL0851,Carton,6.0,0
acme,ACM-BALL1007,Nos,1.0,1
acme,ACM-BALL1007,Carton,50.0,0
acme,ACM-ANGL0265,Packet,1.0,1
acme,ACM-ANGL0265,Carton,100.0,0
acme,ACM-WALL1082,Packet,1.0,1
acme,ACM-WALL1082,Carton,6.0,0
acme,ACM-CABL0576,Packet,1.0,1
acme,ACM-CABL0576,Carton,24.0,0
acme,ACM-PVCP0281,Length,1.0,1
acme,ACM-HOSE0531,Pcs,1.0,1
acme,ACM-HOSE0531,Carton,6.0,0
acme,ACM-SELF1092,Packet,1.0,1
acme,ACM-SELF1092,Carton,10.0,0
acme,ACM-HEXB0599,Pcs,1.0,1
acme,ACM-HEXB0599,Carton,12.0,0
acme,ACM-ANGL0773,Packet,1.0,1
acme,ACM-ANGL0773,Carton,12.0,0
acme,ACM-WALL1024,Packet,1.0,1
acme,ACM-WALL1024,Carton,50.0,0
acme,ACM-HOSE0953,Pcs,1.0,1
acme,ACM-HOSE0953,Carton,24.0,0
acme,ACM-HEXB0714,Pcs,1.0,1
acme,ACM-HEXB0714,Carton,10.0,0
acme,ACM-GIWI0997,Kg,1.0,1
acme,ACM-SELF0777,Packet,1.0,1
acme,ACM-SELF0777,Carton,6.0,0
acme,ACM-GIWI0495,Kg,1.0,1
acme,ACM-PVCP1070,Length,1.0,1
acme,ACM-BALL0173,Nos,1.0,1
acme,ACM-BALL0173,Carton,100.0,0
acme,ACM-HEXB0585,Pcs,1.0,1
acme,ACM-HEXB0585,Carton,10.0,0
acme,ACM-CABL1084,Packet,1.0,1
acme,ACM-CABL1084,Carton,100.0,0
acme,ACM-PVCP0666,Length,1.0,1
acme,ACM-PVCP0666B,Length,1.0,1
acme,ACM-PVCP0666B,Carton,144.0,0
acme,ACM-MASK0421,Roll,1.0,1
acme,ACM-MASK0421,Carton,6.0,0
acme,ACM-PVCP1051,Length,1.0,1
acme,ACM-ANGL0899,Packet,1.0,1
acme,ACM-ANGL0899,Carton,100.0,0
acme,ACM-SAFE0370,Nos,1.0,1
acme,ACM-SAFE0370,Carton,10.0,0
acme,ACM-PVCP0994-OLD,Length,1.0,1
acme,ACM-WALL0758,Packet,1.0,1
acme,ACM-WALL0758,Carton,10.0,0
acme,ACM-WALL0875,Packet,1.0,1
acme,ACM-WALL0875,Carton,12.0,0
acme,ACM-HOSE0185,Pcs,1.0,1
acme,ACM-HOSE0185,Carton,100.0,0
acme,ACM-HEXB0491,Pcs,1.0,1
acme,ACM-HEXB0491,Carton,24.0,0
acme,ACM-BALL0325,Nos,1.0,1
acme,ACM-BALL0325,Carton,10.0,0
acme,ACM-PVCP0799,Length,1.0,1
acme,ACM-HEXB0148,Pcs,1.0,1
acme,ACM-HEXB0148,Carton,100.0,0
acme,ACM-HOSE0911,Pcs,1.0,1
acme,ACM-HOSE0911,Carton,12.0,0
acme,ACM-HEXB0870,Pcs,1.0,1
acme,ACM-HEXB0870,Carton,10.0,0
acme,ACM-BALL0278,Nos,1.0,1
acme,ACM-BALL0278,Carton,100.0,0
acme,ACM-BALL0364,Nos,1.0,1
acme,ACM-BALL0364,Carton,12.0,0
acme,ACM-WALL0143,Packet,1.0,1
acme,ACM-WALL0143,Carton,12.0,0
acme,ACM-MASK0378,Roll,1.0,1
acme,ACM-MASK0378,Carton,6.0,0
acme,ACM-HOSE0191,Pcs,1.0,1
acme,ACM-HOSE0191,Carton,12.0,0
acme,ACM-CABL0913,Packet,1.0,1
acme,ACM-CABL0913,Carton,12.0,0
acme,ACM-HOSE1095,Pcs,1.0,1
acme,ACM-HOSE1095,Carton,10.0,0
acme,ACM-HEXB0893,Pcs,1.0,1
acme,ACM-HEXB0893,Carton,24.0,0
acme,ACM-ANGL1019,Packet,1.0,1
acme,ACM-ANGL1019,Carton,12.0,0
acme,ACM-PVCP0076,Length,1.0,1
acme,ACM-CABL0321,Packet,1.0,1
acme,ACM-CABL0321,Carton,6.0,0
acme,ACM-GIWI0620,Kg,1.0,1
acme,ACM-CABL0322,Packet,1.0,1
acme,ACM-CABL0322,Carton,50.0,0
acme,ACM-GIWI0801,Kg,1.0,1
acme,ACM-BALL0818,Nos,1.0,1
acme,ACM-BALL0818,Carton,24.0,0
acme,ACM-WALL0210,Packet,1.0,1
acme,ACM-WALL0210,Carton,10.0,0
acme,ACM-NITR0808,Box,1.0,1
acme,ACM-HEXB0572,Pcs,1.0,1
acme,ACM-HEXB0572,Carton,100.0,0
acme,ACM-GIWI0663,Kg,1.0,1
acme,ACM-PVCP1002,Length,1.0,1
acme,ACM-WALL0817,Packet,1.0,1
acme,ACM-WALL0817,Carton,12.0,0
acme,ACM-PVCP0854,Length,1.0,1
acme,ACM-SELF0204,Packet,1.0,1
acme,ACM-SELF0204,Carton,100.0,0
acme,ACM-PVCP0896,Length,1.0,1
acme,ACM-BALL0682,Nos,1.0,1
acme,ACM-BALL0682,Carton,100.0,0
acme,ACM-HEXB0790,Pcs,1.0,1
acme,ACM-HEXB0790,Carton,50.0,0
acme,ACM-SAFE0202,Nos,1.0,1
acme,ACM-SAFE0202,Carton,50.0,0
acme,ACM-WALL0776,Packet,1.0,1
acme,ACM-WALL0776,Carton,24.0,0
acme,ACM-SELF0869,Packet,1.0,1
acme,ACM-SELF0869,Carton,24.0,0
acme,ACM-PVCP0614,Length,1.0,1
acme,ACM-HEXB0158,Pcs,1.0,1
acme,ACM-HEXB0158,Carton,12.0,0
acme,ACM-WALL0140,Packet,1.0,1
acme,ACM-WALL0140,Carton,12.0,0
acme,ACM-CABL1003-OLD,Packet,1.0,1
acme,ACM-CABL1003-OLD,Carton,6.0,0
acme,ACM-HEXB0613,Pcs,1.0,1
acme,ACM-HEXB0613,Carton,50.0,0
acme,ACM-HEXB0212,Pcs,1.0,1
acme,ACM-HEXB0212,Carton,24.0,0
acme,ACM-BALL0659,Nos,1.0,1
acme,ACM-BALL0659,Carton,12.0,0
acme,ACM-MASK0891,Roll,1.0,1
acme,ACM-MASK0891,Carton,6.0,0
acme,ACM-CABL1008,Packet,1.0,1
acme,ACM-CABL1008,Carton,100.0,0
acme,ACM-WALL1042,Packet,1.0,1
acme,ACM-WALL1042,Carton,6.0,0
acme,ACM-NITR0240,Box,1.0,1
acme,ACM-MASK0405,Roll,1.0,1
acme,ACM-MASK0405,Carton,6.0,0
acme,ACM-HEXB1074,Pcs,1.0,1
acme,ACM-HEXB1074,Carton,50.0,0
acme,ACM-NITR0565,Box,1.0,1
acme,ACM-PVCP0082,Length,1.0,1
acme,ACM-CABL0550,Packet,1.0,1
acme,ACM-CABL0550,Carton,100.0,0
acme,ACM-MASK0713,Roll,1.0,1
acme,ACM-MASK0713,Carton,100.0,0
acme,ACM-NITR0514,Box,1.0,1
acme,ACM-HEXB0374,Pcs,1.0,1
acme,ACM-HEXB0374,Carton,12.0,0
acme,ACM-HEXB0139,Pcs,1.0,1
acme,ACM-HEXB0139,Carton,12.0,0
acme,ACM-SELF0519,Packet,1.0,1
acme,ACM-SELF0519,Carton,10.0,0
acme,ACM-GIWI0451,Kg,1.0,1
acme,ACM-GIWI0892,Kg,1.0,1
acme,ACM-WALL0901,Packet,1.0,1
acme,ACM-WALL0901,Carton,6.0,0
acme,ACM-WALL0114,Packet,1.0,1
acme,ACM-WALL0114,Carton,10.0,0
acme,ACM-WALL0604,Packet,1.0,1
acme,ACM-WALL0604,Carton,10.0,0
acme,ACM-HEXB0701,Pcs,1.0,1
acme,ACM-HEXB0701,Carton,50.0,0
acme,ACM-PVCP0673,Length,1.0,1
acme,ACM-BALL0552,Nos,1.0,1
acme,ACM-BALL0552,Carton,6.0,0
acme,ACM-GIWI0774,Kg,1.0,1
acme,ACM-HEXB0223,Pcs,1.0,1
acme,ACM-HEXB0223,Carton,10.0,0
acme,ACM-BALL0376,Nos,1.0,1
acme,ACM-BALL0376,Carton,24.0,0
acme,ACM-PVCP0023,Length,1.0,1
acme,ACM-HEXB0791,Pcs,1.0,1
acme,ACM-HEXB0791,Carton,6.0,0
acme,ACM-BALL1078,Nos,1.0,1
acme,ACM-BALL1078,Carton,100.0,0
acme,ACM-HOSE0678,Pcs,1.0,1
acme,ACM-HOSE0678,Carton,6.0,0
acme,ACM-BALL0227,Nos,1.0,1
acme,ACM-BALL0227,Carton,50.0,0
acme,ACM-WALL0926,Packet,1.0,1
acme,ACM-WALL0926,Carton,24.0,0
acme,ACM-NITR0671,Box,1.0,1
acme,ACM-ANGL0472,Packet,1.0,1
acme,ACM-ANGL0472,Carton,100.0,0
acme,ACM-PVCP0117,Length,1.0,1
acme,ACM-HEXB0566,Pcs,1.0,1
acme,ACM-HEXB0566,Carton,12.0,0
acme,ACM-NITR0586,Box,1.0,1
acme,ACM-HEXB0189,Pcs,1.0,1
acme,ACM-HEXB0189,Carton,24.0,0
acme,ACM-PVCP0755,Length,1.0,1
acme,ACM-HEXB1062,Pcs,1.0,1
acme,ACM-HEXB1062,Carton,12.0,0
acme,ACM-PVCP0573,Length,1.0,1
acme,ACM-WALL0724,Packet,1.0,1
acme,ACM-WALL0724,Carton,100.0,0
acme,ACM-ANGL1022,Packet,1.0,1
acme,ACM-ANGL1022,Carton,50.0,0
acme,ACM-BALL0174,Nos,1.0,1
acme,ACM-BALL0174,Carton,6.0,0
acme,ACM-WALL0232,Packet,1.0,1
acme,ACM-WALL0232,Carton,50.0,0
acme,ACM-NITR0760,Box,1.0,1
acme,ACM-SELF0247-OLD,Packet,1.0,1
acme,ACM-SELF0247-OLD,Carton,24.0,0
acme,ACM-WALL0383,Packet,1.0,1
acme,ACM-WALL0383,Carton,6.0,0
acme,ACM-CABL0329,Packet,1.0,1
acme,ACM-CABL0329,Carton,12.0,0
acme,ACM-WALL0002,Packet,1.0,1
acme,ACM-WALL0002,Carton,12.0,0
acme,ACM-ANGL0402,Packet,1.0,1
acme,ACM-ANGL0402,Carton,6.0,0
acme,ACM-NITR0655,Box,1.0,1
acme,ACM-BALL0123,Nos,1.0,1
acme,ACM-BALL0123,Carton,10.0,0
acme,ACM-BALL0674,Nos,1.0,1
acme,ACM-BALL0674,Carton,10.0,0
acme,ACM-PVCP0794,Length,1.0,1
acme,ACM-HEXB0271,Pcs,1.0,1
acme,ACM-HEXB0271,Carton,12.0,0
acme,ACM-CABL0137,Packet,1.0,1
acme,ACM-CABL0137,Carton,12.0,0
acme,ACM-PVCP0306-OLD,Length,1.0,1
acme,ACM-HEXB0028B,Pcs,1.0,1
acme,ACM-HEXB0028B,Carton,144.0,0
acme,ACM-CABL1028,Packet,1.0,1
acme,ACM-CABL1028,Carton,50.0,0
acme,ACM-HEXB0145,Pcs,1.0,1
acme,ACM-HEXB0145,Carton,12.0,0
acme,ACM-MASK0133,Roll,1.0,1
acme,ACM-MASK0133,Carton,24.0,0
acme,ACM-HEXB0249,Pcs,1.0,1
acme,ACM-HEXB0249,Carton,100.0,0
acme,ACM-ANGL0914,Packet,1.0,1
acme,ACM-ANGL0914,Carton,24.0,0
acme,ACM-MASK0982,Roll,1.0,1
acme,ACM-MASK0982,Carton,100.0,0
acme,ACM-HEXB0939,Pcs,1.0,1
acme,ACM-HEXB0939,Carton,12.0,0
acme,ACM-PVCP0314,Length,1.0,1
acme,ACM-CABL0109,Packet,1.0,1
acme,ACM-CABL0109,Carton,6.0,0
acme,ACM-SELF0945,Packet,1.0,1
acme,ACM-SELF0945,Carton,24.0,0
acme,ACM-PVCP0970,Length,1.0,1
acme,ACM-HOSE0373,Pcs,1.0,1
acme,ACM-HOSE0373,Carton,24.0,0
acme,ACM-HEXB0595,Pcs,1.0,1
acme,ACM-HEXB0595,Carton,100.0,0
acme,ACM-PVCP1066,Length,1.0,1
acme,ACM-PVCP0164,Length,1.0,1
acme,ACM-HEXB0060,Pcs,1.0,1
acme,ACM-HEXB0060,Carton,10.0,0
acme,ACM-SAFE0981,Nos,1.0,1
acme,ACM-SAFE0981,Carton,100.0,0
acme,ACM-BALL0584,Nos,1.0,1
acme,ACM-BALL0584,Carton,100.0,0
acme,ACM-WALL1021,Packet,1.0,1
acme,ACM-WALL1021,Carton,10.0,0
acme,ACM-HEXB0415,Pcs,1.0,1
acme,ACM-HEXB0415,Carton,24.0,0
acme,ACM-HOSE0450,Pcs,1.0,1
acme,ACM-HOSE0450,Carton,12.0,0
acme,ACM-CABL0646,Packet,1.0,1
acme,ACM-CABL0646,Carton,12.0,0
acme,ACM-WALL1093,Packet,1.0,1
acme,ACM-WALL1093,Carton,6.0,0
acme,ACM-HEXB1025,Pcs,1.0,1
acme,ACM-HEXB1025,Carton,10.0,0
acme,ACM-HEXB0380,Pcs,1.0,1
acme,ACM-HEXB0380,Carton,10.0,0
acme,ACM-HEXB0528,Pcs,1.0,1
acme,ACM-HEXB0528,Carton,50.0,0
acme,ACM-HOSE0150,Pcs,1.0,1
acme,ACM-HOSE0150,Carton,100.0,0
acme,ACM-ANGL1085,Packet,1.0,1
acme,ACM-ANGL1085,Carton,24.0,0
acme,ACM-SAFE0863,Nos,1.0,1
acme,ACM-SAFE0863,Carton,12.0,0
acme,ACM-SAFE0386,Nos,1.0,1
acme,ACM-SAFE0386,Carton,6.0,0
acme,ACM-PVCP1060,Length,1.0,1
acme,ACM-NITR0934,Box,1.0,1
acme,ACM-MASK1004,Roll,1.0,1
acme,ACM-MASK1004,Carton,24.0,0
acme,ACM-HEXB0675,Pcs,1.0,1
acme,ACM-HEXB0675,Carton,6.0,0
acme,ACM-CABL0095,Packet,1.0,1
acme,ACM-CABL0095,Carton,10.0,0
acme,ACM-SAFE0188,Nos,1.0,1
acme,ACM-SAFE0188,Carton,50.0,0
acme,ACM-PVCP0820,Length,1.0,1
acme,ACM-NITR0677,Box,1.0,1
acme,ACM-MASK0855,Roll,1.0,1
acme,ACM-MASK0855,Carton,50.0,0
acme,ACM-CABL0055,Packet,1.0,1
acme,ACM-CABL0055,Carton,100.0,0
acme,ACM-WALL0976,Packet,1.0,1
acme,ACM-WALL0976,Carton,10.0,0
acme,ACM-HOSE0665,Pcs,1.0,1
acme,ACM-HOSE0665,Carton,10.0,0
acme,ACM-PVCP0486,Length,1.0,1
acme,ACM-CABL0438,Packet,1.0,1
acme,ACM-CABL0438,Carton,100.0,0
acme,ACM-GIWI0348,Kg,1.0,1
acme,ACM-HEXB0313,Pcs,1.0,1
acme,ACM-HEXB0313,Carton,12.0,0
acme,ACM-HEXB0957,Pcs,1.0,1
acme,ACM-HEXB0957,Carton,12.0,0
acme,ACM-SAFE0410,Nos,1.0,1
acme,ACM-SAFE0410,Carton,6.0,0
acme,ACM-PVCP1055B,Length,1.0,1
acme,ACM-PVCP1055B,Carton,144.0,0
acme,ACM-SELF0548,Packet,1.0,1
acme,ACM-SELF0548,Carton,6.0,0
acme,ACM-HEXB1044,Pcs,1.0,1
acme,ACM-HEXB1044,Carton,100.0,0
acme,ACM-CABL0074,Packet,1.0,1
acme,ACM-CABL0074,Carton,12.0,0
acme,ACM-MASK0323,Roll,1.0,1
acme,ACM-MASK0323,Carton,100.0,0
acme,ACM-HEXB0902,Pcs,1.0,1
acme,ACM-HEXB0902,Carton,12.0,0
acme,ACM-NITR0993,Box,1.0,1
acme,ACM-PVCP0647,Length,1.0,1
acme,ACM-MASK0761,Roll,1.0,1
acme,ACM-MASK0761,Carton,24.0,0
acme,ACM-CABL0209,Packet,1.0,1
acme,ACM-CABL0209,Carton,10.0,0
acme,ACM-WALL0442,Packet,1.0,1
acme,ACM-WALL0442,Carton,24.0,0
acme,ACM-MASK0459,Roll,1.0,1
acme,ACM-MASK0459,Carton,12.0,0
acme,ACM-MASK0221,Roll,1.0,1
acme,ACM-MASK0221,Carton,10.0,0
acme,ACM-SAFE0489,Nos,1.0,1
acme,ACM-SAFE0489,Carton,100.0,0
acme,ACM-HOSE0908,Pcs,1.0,1
acme,ACM-HOSE0908,Carton,24.0,0
acme,ACM-HEXB0435,Pcs,1.0,1
acme,ACM-HEXB0435,Carton,24.0,0
acme,ACM-CABL0852,Packet,1.0,1
acme,ACM-CABL0852,Carton,100.0,0
acme,ACM-PVCP0432,Length,1.0,1
acme,ACM-HEXB0690,Pcs,1.0,1
acme,ACM-HEXB0690,Carton,12.0,0
acme,ACM-HEXB0028,Pcs,1.0,1
acme,ACM-HEXB0028,Carton,6.0,0
acme,ACM-SELF0529,Packet,1.0,1
acme,ACM-SELF0529,Carton,50.0,0
acme,ACM-NITR0569,Box,1.0,1
acme,ACM-PVCP0547,Length,1.0,1
acme,ACM-HEXB0771,Pcs,1.0,1
acme,ACM-HEXB0771,Carton,6.0,0
acme,ACM-NITR0331,Box,1.0,1
acme,ACM-HEXB0083,Pcs,1.0,1
acme,ACM-HEXB0083,Carton,100.0,0
acme,ACM-PVCP0075,Length,1.0,1
acme,ACM-MASK1045,Roll,1.0,1
acme,ACM-MASK1045,Carton,12.0,0
acme,ACM-HEXB0445-OLD,Pcs,1.0,1
acme,ACM-HEXB0445-OLD,Carton,50.0,0
acme,ACM-HOSE0372,Pcs,1.0,1
acme,ACM-HOSE0372,Carton,6.0,0
acme,ACM-WALL0680,Packet,1.0,1
acme,ACM-WALL0680,Carton,100.0,0
acme,ACM-HEXB0764,Pcs,1.0,1
acme,ACM-HEXB0764,Carton,100.0,0
acme,ACM-HEXB0710,Pcs,1.0,1
acme,ACM-HEXB0710,Carton,100.0,0
acme,ACM-CABL0895,Packet,1.0,1
acme,ACM-CABL0895,Carton,50.0,0
acme,ACM-GIWI0789,Kg,1.0,1
acme,ACM-WALL0907,Packet,1.0,1
acme,ACM-WALL0907,Carton,10.0,0
acme,ACM-MASK0878,Roll,1.0,1
acme,ACM-MASK0878,Carton,100.0,0
acme,ACM-NITR0487,Box,1.0,1
acme,ACM-HEXB0253,Pcs,1.0,1
acme,ACM-HEXB0253,Carton,10.0,0
acme,ACM-WALL0684,Packet,1.0,1
acme,ACM-WALL0684,Carton,24.0,0
acme,ACM-SELF0229,Packet,1.0,1
acme,ACM-SELF0229,Carton,100.0,0
acme,ACM-HEXB0806,Pcs,1.0,1
acme,ACM-HEXB0806,Carton,10.0,0
acme,ACM-HEXB1044-OLD,Pcs,1.0,1
acme,ACM-HEXB1044-OLD,Carton,100.0,0
acme,ACM-HEXB0456,Pcs,1.0,1
acme,ACM-HEXB0456,Carton,12.0,0
acme,ACM-BALL0729,Nos,1.0,1
acme,ACM-BALL0729,Carton,24.0,0
acme,ACM-MISC007,Nos,1.0,1
acme,ACM-CABL0635,Packet,1.0,1
acme,ACM-CABL0635,Carton,10.0,0
acme,ACM-HEXB0038,Pcs,1.0,1
acme,ACM-HEXB0038,Carton,100.0,0
acme,ACM-CABL0251,Packet,1.0,1
acme,ACM-CABL0251,Carton,10.0,0
acme,ACM-MASK0342,Roll,1.0,1
acme,ACM-MASK0342,Carton,10.0,0
acme,ACM-MASK0521,Roll,1.0,1
acme,ACM-MASK0521,Carton,24.0,0
acme,ACM-PVCP0171,Length,1.0,1
acme,ACM-HOSE0597,Pcs,1.0,1
acme,ACM-HOSE0597,Carton,50.0,0
acme,ACM-PVCP0541,Length,1.0,1
acme,ACM-HEXB0787,Pcs,1.0,1
acme,ACM-HEXB0787,Carton,50.0,0
acme,ACM-PVCP0166,Length,1.0,1
acme,ACM-MISC002,Nos,1.0,1
acme,ACM-HEXB0231,Pcs,1.0,1
acme,ACM-HEXB0231,Carton,12.0,0
acme,ACM-HEXB0479,Pcs,1.0,1
acme,ACM-HEXB0479,Carton,50.0,0
acme,ACM-WALL0047,Packet,1.0,1
acme,ACM-WALL0047,Carton,12.0,0
acme,ACM-NITR0366,Box,1.0,1
acme,ACM-GIWI0728,Kg,1.0,1
acme,ACM-NITR0406,Box,1.0,1
acme,ACM-WALL0029,Packet,1.0,1
acme,ACM-WALL0029,Carton,12.0,0
acme,ACM-HEXB0332,Pcs,1.0,1
acme,ACM-HEXB0332,Carton,6.0,0
acme,ACM-WALL0264,Packet,1.0,1
acme,ACM-WALL0264,Carton,10.0,0
acme,ACM-CABL0245,Packet,1.0,1
acme,ACM-CABL0245,Carton,100.0,0
acme,ACM-WALL0664,Packet,1.0,1
acme,ACM-WALL0664,Carton,24.0,0
acme,ACM-HEXB0734,Pcs,1.0,1
acme,ACM-HEXB0734,Carton,6.0,0
acme,ACM-NITR0262,Box,1.0,1
acme,ACM-GIWI0389,Kg,1.0,1
acme,ACM-CABL0843,Packet,1.0,1
acme,ACM-CABL0843,Carton,10.0,0
acme,ACM-MASK1058,Roll,1.0,1
acme,ACM-MASK1058,Carton,6.0,0
acme,ACM-CABL1003,Packet,1.0,1
acme,ACM-CABL1003,Carton,6.0,0
acme,ACM-PVCP0846,Length,1.0,1
acme,ACM-SELF0250,Packet,1.0,1
acme,ACM-SELF0250,Carton,6.0,0
acme,ACM-ANGL0473,Packet,1.0,1
acme,ACM-ANGL0473,Carton,6.0,0
acme,ACM-NITR1012,Box,1.0,1
acme,ACM-BALL0346,Nos,1.0,1
acme,ACM-BALL0346,Carton,24.0,0
acme,ACM-CABL0697,Packet,1.0,1
acme,ACM-CABL0697,Carton,100.0,0
acme,ACM-PVCP0709,Length,1.0,1
acme,ACM-PVCP1065,Length,1.0,1
acme,ACM-ANGL0016,Packet,1.0,1
acme,ACM-ANGL0016,Carton,24.0,0
acme,ACM-SELF1053,Packet,1.0,1
acme,ACM-SELF1053,Carton,12.0,0
acme,ACM-PVCP0441,Length,1.0,1
acme,ACM-BALL0865,Nos,1.0,1
acme,ACM-BALL0865,Carton,6.0,0
acme,ACM-SAFE0798,Nos,1.0,1
acme,ACM-SAFE0798,Carton,100.0,0
acme,ACM-GIWI0113,Kg,1.0,1
acme,ACM-PVCP0347,Length,1.0,1
acme,ACM-CABL1050,Packet,1.0,1
acme,ACM-CABL1050,Carton,6.0,0
acme,ACM-HEXB0628,Pcs,1.0,1
acme,ACM-HEXB0628,Carton,6.0,0
acme,ACM-PVCP0447,Length,1.0,1
acme,ACM-MASK0931,Roll,1.0,1
acme,ACM-MASK0931,Carton,50.0,0
acme,ACM-BALL0334,Nos,1.0,1
acme,ACM-BALL0334,Carton,6.0,0
acme,ACM-BALL0946,Nos,1.0,1
acme,ACM-BALL0946,Carton,10.0,0
acme,ACM-PVCP1054,Length,1.0,1
acme,ACM-SAFE1043,Nos,1.0,1
acme,ACM-SAFE1043,Carton,6.0,0
acme,ACM-HEXB0675B,Pcs,1.0,1
acme,ACM-HEXB0675B,Carton,144.0,0
acme,ACM-SAFE0024,Nos,1.0,1
acme,ACM-SAFE0024,Carton,24.0,0
acme,ACM-HEXB0882,Pcs,1.0,1
acme,ACM-HEXB0882,Carton,24.0,0
acme,ACM-HEXB0462,Pcs,1.0,1
acme,ACM-HEXB0462,Carton,24.0,0
acme,ACM-ANGL0118,Packet,1.0,1
acme,ACM-ANGL0118,Carton,100.0,0
acme,ACM-SELF0918,Packet,1.0,1
acme,ACM-SELF0918,Carton,12.0,0
acme,ACM-HOSE0693,Pcs,1.0,1
acme,ACM-HOSE0693,Carton,100.0,0
acme,ACM-PVCP0025,Length,1.0,1
acme,ACM-SAFE0388,Nos,1.0,1
acme,ACM-SAFE0388,Carton,24.0,0
acme,ACM-HEXB0762,Pcs,1.0,1
acme,ACM-HEXB0762,Carton,50.0,0
acme,ACM-SELF0868,Packet,1.0,1
acme,ACM-SELF0868,Carton,24.0,0
acme,ACM-GIWI0742,Kg,1.0,1
acme,ACM-HEXB0458,Pcs,1.0,1
acme,ACM-HEXB0458,Carton,12.0,0
acme,ACM-GIWI1067,Kg,1.0,1
acme,ACM-GIWI0226,Kg,1.0,1
acme,ACM-BALL0954,Nos,1.0,1
acme,ACM-BALL0954,Carton,12.0,0
acme,ACM-HEXB0358,Pcs,1.0,1
acme,ACM-HEXB0358,Carton,100.0,0
acme,ACM-SELF0648,Packet,1.0,1
acme,ACM-SELF0648,Carton,6.0,0
acme,ACM-SELF0636,Packet,1.0,1
acme,ACM-SELF0636,Carton,50.0,0
acme,ACM-SELF0400,Packet,1.0,1
acme,ACM-SELF0400,Carton,12.0,0
acme,ACM-SELF0105,Packet,1.0,1
acme,ACM-SELF0105,Carton,10.0,0
acme,ACM-ANGL1027,Packet,1.0,1
acme,ACM-ANGL1027,Carton,24.0,0
acme,ACM-BALL0741,Nos,1.0,1
acme,ACM-BALL0741,Carton,10.0,0
acme,ACM-SELF0263,Packet,1.0,1
acme,ACM-SELF0263,Carton,6.0,0
acme,ACM-GIWI0841,Kg,1.0,1
acme,ACM-HEXB0207,Pcs,1.0,1
acme,ACM-HEXB0207,Carton,100.0,0
acme,ACM-HOSE0823,Pcs,1.0,1
acme,ACM-HOSE0823,Carton,50.0,0
acme,ACM-PVCP0301,Length,1.0,1
acme,ACM-WALL0730,Packet,1.0,1
acme,ACM-WALL0730,Carton,100.0,0
acme,ACM-WALL0094,Packet,1.0,1
acme,ACM-WALL0094,Carton,100.0,0
acme,ACM-HEXB0404,Pcs,1.0,1
acme,ACM-HEXB0404,Carton,10.0,0
acme,ACM-BALL0384,Nos,1.0,1
acme,ACM-BALL0384,Carton,6.0,0
acme,ACM-SELF0302B,Packet,1.0,1
acme,ACM-SELF0302B,Carton,144.0,0
acme,ACM-WALL0809,Packet,1.0,1
acme,ACM-WALL0809,Carton,100.0,0
acme,ACM-ANGL1068,Packet,1.0,1
acme,ACM-ANGL1068,Carton,100.0,0
acme,ACM-ANGL0533,Packet,1.0,1
acme,ACM-ANGL0533,Carton,6.0,0
acme,ACM-ANGL0007,Packet,1.0,1
acme,ACM-ANGL0007,Carton,10.0,0
acme,ACM-SELF0056,Packet,1.0,1
acme,ACM-SELF0056,Carton,6.0,0
acme,ACM-BALL0315,Nos,1.0,1
acme,ACM-BALL0315,Carton,6.0,0
acme,ACM-ANGL0020,Packet,1.0,1
acme,ACM-ANGL0020,Carton,24.0,0
acme,ACM-NITR0617,Box,1.0,1
acme,ACM-HOSE0546,Pcs,1.0,1
acme,ACM-HOSE0546,Carton,50.0,0
acme,ACM-CABL0423,Packet,1.0,1
acme,ACM-CABL0423,Carton,24.0,0
acme,ACM-HOSE0980B,Pcs,1.0,1
acme,ACM-HOSE0980B,Carton,144.0,0
acme,ACM-HEXB0634,Pcs,1.0,1
acme,ACM-HEXB0634,Carton,24.0,0
acme,ACM-GIWI0627,Kg,1.0,1
acme,ACM-HOSE0243,Pcs,1.0,1
acme,ACM-HOSE0243,Carton,6.0,0
acme,ACM-CABL0390,Packet,1.0,1
acme,ACM-CABL0390,Carton,50.0,0
acme,ACM-PVCP0220,Length,1.0,1
acme,ACM-CABL0422,Packet,1.0,1
acme,ACM-CABL0422,Carton,24.0,0
acme,ACM-HEXB0004,Pcs,1.0,1
acme,ACM-HEXB0004,Carton,24.0,0
acme,ACM-SAFE0988,Nos,1.0,1
acme,ACM-SAFE0988,Carton,12.0,0
acme,ACM-PVCP0825,Length,1.0,1
acme,ACM-GIWI0567,Kg,1.0,1
acme,ACM-PVCP0727,Length,1.0,1
acme,ACM-ANGL0033,Packet,1.0,1
acme,ACM-ANGL0033,Carton,24.0,0
acme,ACM-HEXB0320,Pcs,1.0,1
acme,ACM-HEXB0320,Carton,10.0,0
acme,ACM-HEXB0780,Pcs,1.0,1
acme,ACM-HEXB0780,Carton,50.0,0
acme,ACM-SAFE0110,Nos,1.0,1
acme,ACM-SAFE0110,Carton,50.0,0
acme,ACM-WALL0186,Packet,1.0,1
acme,ACM-WALL0186,Carton,10.0,0
acme,ACM-HEXB0216,Pcs,1.0,1
acme,ACM-HEXB0216,Carton,100.0,0
acme,ACM-CABL0187,Packet,1.0,1
acme,ACM-CABL0187,Carton,6.0,0
acme,ACM-HEXB0153,Pcs,1.0,1
acme,ACM-HEXB0153,Carton,10.0,0
acme,ACM-HEXB0022,Pcs,1.0,1
acme,ACM-HEXB0022,Carton,100.0,0
acme,ACM-PVCP0719,Length,1.0,1
acme,ACM-HEXB0225,Pcs,1.0,1
acme,ACM-HEXB0225,Carton,50.0,0
acme,ACM-NITR0513,Box,1.0,1
acme,ACM-GIWI0888,Kg,1.0,1
acme,ACM-HEXB0086,Pcs,1.0,1
acme,ACM-HEXB0086,Carton,12.0,0
acme,ACM-SAFE0819,Nos,1.0,1
acme,ACM-SAFE0819,Carton,50.0,0
acme,ACM-GIWI0409,Kg,1.0,1
acme,ACM-HEXB0267,Pcs,1.0,1
acme,ACM-HEXB0267,Carton,6.0,0
acme,ACM-MASK0839,Roll,1.0,1
acme,ACM-MASK0839,Carton,100.0,0
acme,ACM-WALL0524,Packet,1.0,1
acme,ACM-WALL0524,Carton,6.0,0
acme,ACM-GIWI0661,Kg,1.0,1
acme,ACM-HEXB0676,Pcs,1.0,1
acme,ACM-HEXB0676,Carton,50.0,0
acme,ACM-CABL0034,Packet,1.0,1
acme,ACM-CABL0034,Carton,24.0,0
acme,ACM-PVCP0561-OLD,Length,1.0,1
acme,ACM-SELF0242,Packet,1.0,1
acme,ACM-SELF0242,Carton,6.0,0
acme,ACM-HEXB0427,Pcs,1.0,1
acme,ACM-HEXB0427,Carton,100.0,0
acme,ACM-SAFE0731,Nos,1.0,1
acme,ACM-SAFE0731,Carton,50.0,0
acme,ACM-HEXB0155,Pcs,1.0,1
acme,ACM-HEXB0155,Carton,12.0,0
acme,ACM-BALL0294,Nos,1.0,1
acme,ACM-BALL0294,Carton,12.0,0
acme,ACM-HOSE0296,Pcs,1.0,1
acme,ACM-HOSE0296,Carton,24.0,0
acme,ACM-CABL0013,Packet,1.0,1
acme,ACM-CABL0013,Carton,6.0,0
acme,ACM-NITR0881,Box,1.0,1
acme,ACM-CABL1048,Packet,1.0,1
acme,ACM-CABL1048,Carton,50.0,0
acme,ACM-HOSE0821,Pcs,1.0,1
acme,ACM-HOSE0821,Carton,6.0,0
acme,ACM-PVCP0754,Length,1.0,1
acme,ACM-PVCP0070,Length,1.0,1
acme,ACM-HEXB0290,Pcs,1.0,1
acme,ACM-HEXB0290,Carton,12.0,0
acme,ACM-CABL0540,Packet,1.0,1
acme,ACM-CABL0540,Carton,50.0,0
acme,ACM-MASK0596,Roll,1.0,1
acme,ACM-MASK0596,Carton,100.0,0
acme,ACM-ANGL0963,Packet,1.0,1
acme,ACM-ANGL0963,Carton,24.0,0
acme,ACM-WALL0285,Packet,1.0,1
acme,ACM-WALL0285,Carton,12.0,0
acme,ACM-HOSE0850,Pcs,1.0,1
acme,ACM-HOSE0850,Carton,10.0,0
acme,ACM-WALL0730-OLD,Packet,1.0,1
acme,ACM-WALL0730-OLD,Carton,100.0,0
acme,ACM-CABL0830,Packet,1.0,1
acme,ACM-CABL0830,Carton,24.0,0
acme,ACM-SELF0233,Packet,1.0,1
acme,ACM-SELF0233,Carton,24.0,0
acme,ACM-HEXB0274,Pcs,1.0,1
acme,ACM-HEXB0274,Carton,100.0,0
acme,ACM-HEXB0162,Pcs,1.0,1
acme,ACM-HEXB0162,Carton,6.0,0
acme,ACM-NITR1001,Box,1.0,1
acme,ACM-BALL0685,Nos,1.0,1
acme,ACM-BALL0685,Carton,6.0,0
acme,ACM-MASK0014,Roll,1.0,1
acme,ACM-MASK0014,Carton,50.0,0
acme,ACM-HEXB0292,Pcs,1.0,1
acme,ACM-HEXB0292,Carton,24.0,0
acme,ACM-ANGL0214,Packet,1.0,1
acme,ACM-ANGL0214,Carton,6.0,0
acme,ACM-HEXB1061,Pcs,1.0,1
acme,ACM-HEXB1061,Carton,100.0,0
acme,ACM-PVCP0275,Length,1.0,1
acme,ACM-GIWI0059,Kg,1.0,1
acme,ACM-SELF0979,Packet,1.0,1
acme,ACM-SELF0979,Carton,10.0,0
acme,ACM-HEXB0261,Pcs,1.0,1
acme,ACM-HEXB0261,Carton,12.0,0
acme,ACM-GIWI0840,Kg,1.0,1
acme,ACM-ANGL0222,Packet,1.0,1
acme,ACM-ANGL0222,Carton,6.0,0
acme,ACM-MASK0286,Roll,1.0,1
acme,ACM-MASK0286,Carton,24.0,0
acme,ACM-SAFE0523,Nos,1.0,1
acme,ACM-SAFE0523,Carton,6.0,0
acme,ACM-HEXB0998,Pcs,1.0,1
acme,ACM-HEXB0998,Carton,24.0,0
acme,ACM-ANGL0845,Packet,1.0,1
acme,ACM-ANGL0845,Carton,100.0,0
acme,ACM-HEXB0726,Pcs,1.0,1
acme,ACM-HEXB0726,Carton,6.0,0
acme,ACM-BALL0255,Nos,1.0,1
acme,ACM-BALL0255,Carton,50.0,0
acme,ACM-ANGL0217,Packet,1.0,1
acme,ACM-ANGL0217,Carton,24.0,0
acme,ACM-ANGL0985,Packet,1.0,1
acme,ACM-ANGL0985,Carton,24.0,0
acme,ACM-CABL0520,Packet,1.0,1
acme,ACM-CABL0520,Carton,10.0,0
acme,ACM-HEXB0401,Pcs,1.0,1
acme,ACM-HEXB0401,Carton,50.0,0
acme,ACM-CABL0071,Packet,1.0,1
acme,ACM-CABL0071,Carton,12.0,0
acme,ACM-SAFE0182,Nos,1.0,1
acme,ACM-SAFE0182,Carton,12.0,0
acme,ACM-HEXB0488,Pcs,1.0,1
acme,ACM-HEXB0488,Carton,6.0,0
acme,ACM-WALL0656,Packet,1.0,1
acme,ACM-WALL0656,Carton,12.0,0
acme,ACM-HEXB0748,Pcs,1.0,1
acme,ACM-HEXB0748,Carton,12.0,0
acme,ACM-BALL0213,Nos,1.0,1
acme,ACM-BALL0213,Carton,6.0,0
acme,ACM-SAFE0822,Nos,1.0,1
acme,ACM-SAFE0822,Carton,10.0,0
acme,ACM-BALL0018,Nos,1.0,1
acme,ACM-BALL0018,Carton,6.0,0
acme,ACM-PVCP0337,Length,1.0,1
acme,ACM-HEXB0873,Pcs,1.0,1
acme,ACM-HEXB0873,Carton,10.0,0
acme,ACM-HEXB0509,Pcs,1.0,1
acme,ACM-HEXB0509,Carton,12.0,0
acme,ACM-MISC003,Nos,1.0,1
acme,ACM-SAFE0381,Nos,1.0,1
acme,ACM-SAFE0381,Carton,50.0,0
acme,ACM-HEXB0800,Pcs,1.0,1
acme,ACM-HEXB0800,Carton,50.0,0
acme,ACM-BALL0575,Nos,1.0,1
acme,ACM-BALL0575,Carton,50.0,0
acme,ACM-GIWI0377,Kg,1.0,1
acme,ACM-HEXB1081,Pcs,1.0,1
acme,ACM-HEXB1081,Carton,10.0,0
acme,ACM-PVCP0412,Length,1.0,1
acme,ACM-MISC008,Nos,1.0,1
acme,ACM-ANGL0006,Packet,1.0,1
acme,ACM-ANGL0006,Carton,12.0,0
acme,ACM-WALL0429,Packet,1.0,1
acme,ACM-WALL0429,Carton,24.0,0
acme,ACM-HEXB0862,Pcs,1.0,1
acme,ACM-HEXB0862,Carton,100.0,0
acme,ACM-HEXB0668,Pcs,1.0,1
acme,ACM-HEXB0668,Carton,6.0,0
acme,ACM-ANGL1011,Packet,1.0,1
acme,ACM-ANGL1011,Carton,100.0,0
acme,ACM-BALL0045,Nos,1.0,1
acme,ACM-BALL0045,Carton,24.0,0
acme,ACM-CABL0894,Packet,1.0,1
acme,ACM-CABL0894,Carton,6.0,0
acme,ACM-HOSE0399,Pcs,1.0,1
acme,ACM-HOSE0399,Carton,6.0,0
acme,ACM-SAFE0169,Nos,1.0,1
acme,ACM-SAFE0169,Carton,50.0,0
acme,ACM-WALL0705,Packet,1.0,1
acme,ACM-WALL0705,Carton,50.0,0
acme,ACM-HEXB1099,Pcs,1.0,1
acme,ACM-HEXB1099,Carton,6.0,0
acme,ACM-BALL0622,Nos,1.0,1
acme,ACM-BALL0622,Carton,10.0,0
acme,ACM-SELF0813,Packet,1.0,1
acme,ACM-SELF0813,Carton,100.0,0
acme,ACM-ANGL0503,Packet,1.0,1
acme,ACM-ANGL0503,Carton,50.0,0
acme,ACM-BALL0364B,Nos,1.0,1
acme,ACM-BALL0364B,Carton,144.0,0
acme,ACM-HEXB0930,Pcs,1.0,1
acme,ACM-HEXB0930,Carton,24.0,0
acme,ACM-CABL0287,Packet,1.0,1
acme,ACM-CABL0287,Carton,50.0,0
acme,ACM-WALL0184,Packet,1.0,1
acme,ACM-WALL0184,Carton,12.0,0
acme,ACM-ANGL0905,Packet,1.0,1
acme,ACM-ANGL0905,Carton,24.0,0
acme,ACM-PVCP1073,Length,1.0,1
acme,ACM-BALL0208,Nos,1.0,1
acme,ACM-BALL0208,Carton,6.0,0
acme,ACM-CABL0856,Packet,1.0,1
acme,ACM-CABL0856,Carton,10.0,0
acme,ACM-WALL1006,Packet,1.0,1
acme,ACM-WALL1006,Carton,24.0,0
acme,ACM-WALL1030,Packet,1.0,1
acme,ACM-WALL1030,Carton,10.0,0
acme,ACM-BALL0802,Nos,1.0,1
acme,ACM-BALL0802,Carton,12.0,0
acme,ACM-NITR1034,Box,1.0,1
acme,ACM-WALL0651,Packet,1.0,1
acme,ACM-WALL0651,Carton,24.0,0
acme,ACM-HEXB0005,Pcs,1.0,1
acme,ACM-HEXB0005,Carton,6.0,0
acme,ACM-MASK0698,Roll,1.0,1
acme,ACM-MASK0698,Carton,100.0,0
acme,ACM-BALL0258,Nos,1.0,1
acme,ACM-BALL0258,Carton,6.0,0
acme,ACM-WALL0101,Packet,1.0,1
acme,ACM-WALL0101,Carton,10.0,0
acme,ACM-PVCP0609,Length,1.0,1
acme,ACM-PVCP0692,Length,1.0,1
acme,ACM-HEXB1086,Pcs,1.0,1
acme,ACM-HEXB1086,Carton,12.0,0
acme,ACM-PVCP1077,Length,1.0,1
acme,ACM-BALL0812,Nos,1.0,1
acme,ACM-BALL0812,Carton,10.0,0
acme,ACM-NITR0610,Box,1.0,1
acme,ACM-BALL0354,Nos,1.0,1
acme,ACM-BALL0354,Carton,6.0,0
acme,ACM-HEXB0041,Pcs,1.0,1
acme,ACM-HEXB0041,Carton,10.0,0
acme,ACM-ANGL0411,Packet,1.0,1
acme,ACM-ANGL0411,Carton,10.0,0
acme,ACM-ANGL0886,Packet,1.0,1
acme,ACM-ANGL0886,Carton,10.0,0
acme,ACM-NITR0707,Box,1.0,1
acme,ACM-BALL0551,Nos,1.0,1
acme,ACM-BALL0551,Carton,6.0,0
acme,ACM-HEXB0747,Pcs,1.0,1
acme,ACM-HEXB0747,Carton,100.0,0
acme,ACM-NITR0425,Box,1.0,1
acme,ACM-CABL0468,Packet,1.0,1
acme,ACM-CABL0468,Carton,100.0,0
acme,ACM-ANGL0753,Packet,1.0,1
acme,ACM-ANGL0753,Carton,50.0,0
acme,ACM-SELF0746,Packet,1.0,1
acme,ACM-SELF0746,Carton,6.0,0
acme,ACM-HEXB0943,Pcs,1.0,1
acme,ACM-HEXB0943,Carton,6.0,0
acme,ACM-BALL0797,Nos,1.0,1
acme,ACM-BALL0797,Carton,12.0,0
acme,ACM-MASK0286B,Roll,1.0,1
acme,ACM-MASK0286B,Carton,144.0,0
acme,ACM-CABL0545,Packet,1.0,1
acme,ACM-CABL0545,Carton,50.0,0
acme,ACM-HEXB0266,Pcs,1.0,1
acme,ACM-HEXB0266,Carton,100.0,0
acme,ACM-HEXB0198,Pcs,1.0,1
acme,ACM-HEXB0198,Carton,12.0,0
acme,ACM-ANGL0544,Packet,1.0,1
acme,ACM-ANGL0544,Carton,50.0,0
acme,ACM-HOSE0428,Pcs,1.0,1
acme,ACM-HOSE0428,Carton,50.0,0
acme,ACM-MISC000,Nos,1.0,1
acme,ACM-SAFE0152,Nos,1.0,1
acme,ACM-SAFE0152,Carton,6.0,0
acme,ACM-HEXB0476,Pcs,1.0,1
acme,ACM-HEXB0476,Carton,6.0,0
acme,ACM-BALL0042,Nos,1.0,1
acme,ACM-BALL0042,Carton,6.0,0
acme,ACM-BALL0763,Nos,1.0,1
acme,ACM-BALL0763,Carton,50.0,0
acme,ACM-HOSE0645,Pcs,1.0,1
acme,ACM-HOSE0645,Carton,100.0,0
acme,ACM-HEXB0201,Pcs,1.0,1
acme,ACM-HEXB0201,Carton,6.0,0
acme,ACM-WALL0898,Packet,1.0,1
acme,ACM-WALL0898,Carton,100.0,0
acme,ACM-HEXB1033,Pcs,1.0,1
acme,ACM-HEXB1033,Carton,100.0,0
acme,ACM-HEXB0951,Pcs,1.0,1
acme,ACM-HEXB0951,Carton,100.0,0
acme,ACM-WALL0494,Packet,1.0,1
acme,ACM-WALL0494,Carton,6.0,0
acme,ACM-BALL0413,Nos,1.0,1
acme,ACM-BALL0413,Carton,6.0,0
acme,ACM-WALL0003,Packet,1.0,1
acme,ACM-WALL0003,Carton,50.0,0
acme,ACM-PVCP0563,Length,1.0,1
acme,ACM-HEXB0554,Pcs,1.0,1
acme,ACM-HEXB0554,Carton,24.0,0
acme,ACM-ANGL0040,Packet,1.0,1
acme,ACM-ANGL0040,Carton,24.0,0
acme,ACM-NITR0715,Box,1.0,1
acme,ACM-HOSE0857,Pcs,1.0,1
acme,ACM-HOSE0857,Carton,12.0,0
acme,ACM-SAFE0483,Nos,1.0,1
acme,ACM-SAFE0483,Carton,50.0,0
acme,ACM-PVCP0306,Length,1.0,1
acme,ACM-GIWI0516,Kg,1.0,1
acme,ACM-GIWI0703,Kg,1.0,1
acme,ACM-HEXB0991,Pcs,1.0,1
acme,ACM-HEXB0991,Carton,24.0,0
acme,ACM-NITR0293,Box,1.0,1
acme,ACM-HEXB1047,Pcs,1.0,1
acme,ACM-HEXB1047,Carton,6.0,0
acme,ACM-BALL0879,Nos,1.0,1
acme,ACM-BALL0879,Carton,10.0,0
acme,ACM-HEXB0900,Pcs,1.0,1
acme,ACM-HEXB0900,Carton,12.0,0
acme,ACM-NITR0492,Box,1.0,1
acme,ACM-HOSE0440,Pcs,1.0,1
acme,ACM-HOSE0440,Carton,24.0,0
acme,ACM-GIWI0811-OLD,Kg,1.0,1
acme,ACM-CABL0382,Packet,1.0,1
acme,ACM-CABL0382,Carton,100.0,0
acme,ACM-CABL0199,Packet,1.0,1
acme,ACM-CABL0199,Carton,12.0,0
acme,ACM-HOSE0106,Pcs,1.0,1
acme,ACM-HOSE0106,Carton,50.0,0
acme,ACM-PVCP0912,Length,1.0,1
acme,ACM-SAFE0019,Nos,1.0,1
acme,ACM-SAFE0019,Carton,12.0,0
acme,ACM-CABL0588,Packet,1.0,1
acme,ACM-CABL0588,Carton,10.0,0
acme,ACM-ANGL1015,Packet,1.0,1
acme,ACM-ANGL1015,Carton,24.0,0
acme,ACM-PVCP0643,Length,1.0,1
acme,ACM-ANGL1071,Packet,1.0,1
acme,ACM-ANGL1071,Carton,10.0,0
acme,ACM-SAFE0670,Nos,1.0,1
acme,ACM-SAFE0670,Carton,24.0,0
acme,ACM-ANGL0280,Packet,1.0,1
acme,ACM-ANGL0280,Carton,6.0,0
acme,ACM-BALL0954-OLD,Nos,1.0,1
acme,ACM-BALL0954-OLD,Carton,12.0,0
acme,ACM-MASK0291,Roll,1.0,1
acme,ACM-MASK0291,Carton,6.0,0
acme,ACM-HOSE0102,Pcs,1.0,1
acme,ACM-HOSE0102,Carton,24.0,0
acme,ACM-HEXB0781,Pcs,1.0,1
acme,ACM-HEXB0781,Carton,50.0,0
acme,ACM-BALL0001,Nos,1.0,1
acme,ACM-BALL0001,Carton,6.0,0
acme,ACM-CABL0021,Packet,1.0,1
acme,ACM-CABL0021,Carton,100.0,0
acme,ACM-CABL0300,Packet,1.0,1
acme,ACM-CABL0300,Carton,50.0,0
acme,ACM-BALL0196,Nos,1.0,1
acme,ACM-BALL0196,Carton,12.0,0
acme,ACM-SAFE0474,Nos,1.0,1
acme,ACM-SAFE0474,Carton,24.0,0
acme,ACM-SAFE0847-OLD,Nos,1.0,1
acme,ACM-SAFE0847-OLD,Carton,6.0,0
acme,ACM-HEXB0932,Pcs,1.0,1
acme,ACM-HEXB0932,Carton,12.0,0
acme,ACM-ANGL0502,Packet,1.0,1
acme,ACM-ANGL0502,Carton,10.0,0
acme,ACM-HOSE0814,Pcs,1.0,1
acme,ACM-HOSE0814,Carton,6.0,0
acme,ACM-SELF0318,Packet,1.0,1
acme,ACM-SELF0318,Carton,24.0,0
acme,ACM-MASK0127,Roll,1.0,1
acme,ACM-MASK0127,Carton,10.0,0
acme,ACM-SAFE0919,Nos,1.0,1
acme,ACM-SAFE0919,Carton,24.0,0
acme,ACM-PVCP0284,Length,1.0,1
acme,ACM-HEXB0206,Pcs,1.0,1
acme,ACM-HEXB0206,Carton,100.0,0
acme,ACM-MASK0183,Roll,1.0,1
acme,ACM-MASK0183,Carton,12.0,0
acme,ACM-HOSE0927,Pcs,1.0,1
acme,ACM-HOSE0927,Carton,12.0,0
acme,ACM-SELF0720,Packet,1.0,1
acme,ACM-SELF0720,Carton,10.0,0
acme,ACM-HEXB0103,Pcs,1.0,1
acme,ACM-HEXB0103,Carton,12.0,0
acme,ACM-WALL1079,Packet,1.0,1
acme,ACM-WALL1079,Carton,10.0,0
acme,ACM-BALL0740,Nos,1.0,1
acme,ACM-BALL0740,Carton,100.0,0
acme,ACM-HEXB0807,Pcs,1.0,1
acme,ACM-HEXB0807,Carton,12.0,0
acme,ACM-ANGL0942,Packet,1.0,1
acme,ACM-ANGL0942,Carton,100.0,0
acme,ACM-HEXB0506,Pcs,1.0,1
acme,ACM-HEXB0506,Carton,24.0,0
acme,ACM-WALL0398,Packet,1.0,1
acme,ACM-WALL0398,Carton,24.0,0
acme,ACM-ANGL0036,Packet,1.0,1
acme,ACM-ANGL0036,Carton,10.0,0
acme,ACM-BALL0128,Nos,1.0,1
acme,ACM-BALL0128,Carton,24.0,0
acme,ACM-WALL0330,Packet,1.0,1
acme,ACM-WALL0330,Carton,50.0,0
acme,ACM-CABL0418,Packet,1.0,1
acme,ACM-CABL0418,Carton,10.0,0
acme,ACM-PVCP0933,Length,1.0,1
acme,ACM-SELF0568,Packet,1.0,1
acme,ACM-SELF0568,Carton,10.0,0
acme,ACM-CABL0866,Packet,1.0,1
acme,ACM-CABL0866,Carton,12.0,0
acme,ACM-WALL0556,Packet,1.0,1
acme,ACM-WALL0556,Carton,50.0,0
acme,ACM-GIWI0480,Kg,1.0,1
acme,ACM-MISC010,Nos,1.0,1
acme,ACM-HEXB0630,Pcs,1.0,1
acme,ACM-HEXB0630,Carton,24.0,0
acme,ACM-ANGL0104,Packet,1.0,1
acme,ACM-ANGL0104,Carton,12.0,0
acme,ACM-ANGL0909,Packet,1.0,1
acme,ACM-ANGL0909,Carton,6.0,0
acme,ACM-SELF0469,Packet,1.0,1
acme,ACM-SELF0469,Carton,24.0,0
acme,ACM-CABL0499,Packet,1.0,1
acme,ACM-CABL0499,Carton,10.0,0
acme,ACM-GIWI0811,Kg,1.0,1
acme,ACM-HEXB0906,Pcs,1.0,1
acme,ACM-HEXB0906,Carton,24.0,0
acme,ACM-MASK0859,Roll,1.0,1
acme,ACM-MASK0859,Carton,10.0,0
acme,ACM-MASK0558,Roll,1.0,1
acme,ACM-MASK0558,Carton,6.0,0
acme,ACM-HOSE0631,Pcs,1.0,1
acme,ACM-HOSE0631,Carton,50.0,0
acme,ACM-BALL1083,Nos,1.0,1
acme,ACM-BALL1083,Carton,6.0,0
acme,ACM-SAFE1038,Nos,1.0,1
acme,ACM-SAFE1038,Carton,50.0,0
acme,ACM-HEXB1059,Pcs,1.0,1
acme,ACM-HEXB1059,Carton,100.0,0
acme,ACM-HEXB0177,Pcs,1.0,1
acme,ACM-HEXB0177,Carton,10.0,0
acme,ACM-HEXB0395,Pcs,1.0,1
acme,ACM-HEXB0395,Carton,24.0,0
acme,ACM-BALL0999,Nos,1.0,1
acme,ACM-BALL0999,Carton,12.0,0
acme,ACM-CABL0369,Packet,1.0,1
acme,ACM-CABL0369,Carton,50.0,0
acme,ACM-HEXB0010,Pcs,1.0,1
acme,ACM-HEXB0010,Carton,50.0,0
acme,ACM-CABL1056,Packet,1.0,1
acme,ACM-CABL1056,Carton,6.0,0
acme,ACM-HEXB0751,Pcs,1.0,1
acme,ACM-HEXB0751,Carton,6.0,0
acme,ACM-HOSE0136,Pcs,1.0,1
acme,ACM-HOSE0136,Carton,100.0,0
acme,ACM-HEXB0803,Pcs,1.0,1
acme,ACM-HEXB0803,Carton,100.0,0
acme,ACM-CABL0096,Packet,1.0,1
acme,ACM-CABL0096,Carton,12.0,0
acme,ACM-SAFE0526,Nos,1.0,1
acme,ACM-SAFE0526,Carton,12.0,0
acme,ACM-HEXB0224,Pcs,1.0,1
acme,ACM-HEXB0224,Carton,6.0,0
acme,ACM-MASK0230,Roll,1.0,1
acme,ACM-MASK0230,Carton,12.0,0
acme,ACM-WALL0962,Packet,1.0,1
acme,ACM-WALL0962,Carton,12.0,0
acme,ACM-CABL0924,Packet,1.0,1
acme,ACM-CABL0924,Carton,50.0,0
acme,ACM-ANGL0234,Packet,1.0,1
acme,ACM-ANGL0234,Carton,12.0,0
acme,ACM-SAFE0916,Nos,1.0,1
acme,ACM-SAFE0916,Carton,12.0,0
acme,ACM-SELF0464,Packet,1.0,1
acme,ACM-SELF0464,Carton,50.0,0
acme,ACM-SAFE0795,Nos,1.0,1
acme,ACM-SAFE0795,Carton,12.0,0
acme,ACM-HEXB0518,Pcs,1.0,1
acme,ACM-HEXB0518,Carton,100.0,0
acme,ACM-ANGL0414,Packet,1.0,1
acme,ACM-ANGL0414,Carton,50.0,0
acme,ACM-WALL0439,Packet,1.0,1
acme,ACM-WALL0439,Carton,6.0,0
acme,ACM-HEXB0721,Pcs,1.0,1
acme,ACM-HEXB0721,Carton,6.0,0
acme,ACM-CABL0833,Packet,1.0,1
acme,ACM-CABL0833,Carton,12.0,0
acme,ACM-ANGL1026,Packet,1.0,1
acme,ACM-ANGL1026,Carton,6.0,0
acme,ACM-ANGL1000,Packet,1.0,1
acme,ACM-ANGL1000,Carton,10.0,0
acme,ACM-CABL0786,Packet,1.0,1
acme,ACM-CABL0786,Carton,12.0,0
acme,ACM-PVCP0394,Length,1.0,1
acme,ACM-WALL0660,Packet,1.0,1
acme,ACM-WALL0660,Carton,24.0,0
acme,ACM-ANGL0767,Packet,1.0,1
acme,ACM-ANGL0767,Carton,6.0,0
acme,ACM-WALL0211,Packet,1.0,1
acme,ACM-WALL0211,Carton,6.0,0
acme,ACM-HOSE0106B,Pcs,1.0,1
acme,ACM-HOSE0106B,Carton,144.0,0
acme,ACM-BALL0618,Nos,1.0,1
acme,ACM-BALL0618,Carton,50.0,0
acme,ACM-WALL0638,Packet,1.0,1
acme,ACM-WALL0638,Carton,12.0,0
acme,ACM-HEXB0093,Pcs,1.0,1
acme,ACM-HEXB0093,Carton,12.0,0
acme,ACM-SELF0068,Packet,1.0,1
acme,ACM-SELF0068,Carton,24.0,0
acme,ACM-PVCP0956,Length,1.0,1
acme,ACM-WALL0190,Packet,1.0,1
acme,ACM-WALL0190,Carton,100.0,0
acme,ACM-BALL0626,Nos,1.0,1
acme,ACM-BALL0626,Carton,12.0,0
acme,ACM-BALL0403,Nos,1.0,1
acme,ACM-BALL0403,Carton,24.0,0
acme,ACM-WALL0992,Packet,1.0,1
acme,ACM-WALL0992,Carton,24.0,0
acme,ACM-PVCP0732,Length,1.0,1
acme,ACM-WALL0160,Packet,1.0,1
acme,ACM-WALL0160,Carton,10.0,0
acme,ACM-NITR0172,Box,1.0,1
acme,ACM-ANGL0716,Packet,1.0,1
acme,ACM-ANGL0716,Carton,6.0,0
acme,ACM-PVCP0994,Length,1.0,1
acme,ACM-HEXB0089,Pcs,1.0,1
acme,ACM-HEXB0089,Carton,24.0,0
acme,ACM-HEXB0449,Pcs,1.0,1
acme,ACM-HEXB0449,Carton,6.0,0
acme,ACM-HEXB0359,Pcs,1.0,1
acme,ACM-HEXB0359,Carton,6.0,0
acme,ACM-ANGL0594,Packet,1.0,1
acme,ACM-ANGL0594,Carton,6.0,0
acme,ACM-BALL0929,Nos,1.0,1
acme,ACM-BALL0929,Carton,100.0,0
acme,ACM-BALL0073,Nos,1.0,1
acme,ACM-BALL0073,Carton,50.0,0
acme,ACM-CABL0111,Packet,1.0,1
acme,ACM-CABL0111,Carton,12.0,0
acme,ACM-HEXB1013,Pcs,1.0,1
acme,ACM-HEXB1013,Carton,50.0,0
acme,ACM-SAFE1087,Nos,1.0,1
acme,ACM-SAFE1087,Carton,10.0,0
acme,ACM-PVCP0538,Length,1.0,1
acme,ACM-MASK0784,Roll,1.0,1
acme,ACM-MASK0784,Carton,100.0,0
acme,ACM-CABL0657,Packet,1.0,1
acme,ACM-CABL0657,Carton,6.0,0
acme,ACM-HEXB0971,Pcs,1.0,1
acme,ACM-HEXB0971,Carton,100.0,0
acme,ACM-CABL0602,Packet,1.0,1
acme,ACM-CABL0602,Carton,10.0,0
acme,ACM-HEXB0053,Pcs,1.0,1
acme,ACM-HEXB0053,Carton,50.0,0
acme,ACM-HEXB0352,Pcs,1.0,1
acme,ACM-HEXB0352,Carton,100.0,0
acme,ACM-PVCP0471,Length,1.0,1
acme,ACM-CABL0917,Packet,1.0,1
acme,ACM-CABL0917,Carton,50.0,0
acme,ACM-GIWI0505,Kg,1.0,1
acme,ACM-WALL0679,Packet,1.0,1
acme,ACM-WALL0679,Carton,50.0,0
acme,ACM-BALL0084,Nos,1.0,1
acme,ACM-BALL0084,Carton,100.0,0
acme,ACM-PVCP0615,Length,1.0,1
acme,ACM-NITR0903,Box,1.0,1
acme,ACM-ANGL0157,Packet,1.0,1
acme,ACM-ANGL0157,Carton,6.0,0
acme,ACM-CABL0950,Packet,1.0,1
acme,ACM-CABL0950,Carton,12.0,0
acme,ACM-PVCP0640B,Length,1.0,1
acme,ACM-PVCP0640B,Carton,144.0,0
acme,ACM-BALL0178,Nos,1.0,1
acme,ACM-BALL0178,Carton,6.0,0
acme,ACM-BALL0408,Nos,1.0,1
acme,ACM-BALL0408,Carton,100.0,0
acme,ACM-NITR0977,Box,1.0,1
acme,ACM-WALL0641,Packet,1.0,1
acme,ACM-WALL0641,Carton,24.0,0
acme,ACM-PVCP0561,Length,1.0,1
acme,ACM-BALL0112,Nos,1.0,1
acme,ACM-BALL0112,Carton,10.0,0
acme,ACM-MASK0061,Roll,1.0,1
acme,ACM-MASK0061,Carton,6.0,0
acme,ACM-HEXB1097,Pcs,1.0,1
acme,ACM-HEXB1097,Carton,24.0,0
acme,ACM-NITR0017,Box,1.0,1
acme,ACM-CABL0496,Packet,1.0,1
acme,ACM-CABL0496,Carton,12.0,0
acme,ACM-GIWI0975,Kg,1.0,1
acme,ACM-HOSE0317,Pcs,1.0,1
acme,ACM-HOSE0317,Carton,10.0,0
acme,ACM-CABL0254,Packet,1.0,1
acme,ACM-CABL0254,Carton,12.0,0
acme,ACM-BALL0904,Nos,1.0,1
acme,ACM-BALL0904,Carton,100.0,0
acme,ACM-ANGL0522,Packet,1.0,1
acme,ACM-ANGL0522,Carton,50.0,0
acme,ACM-BALL0944,Nos,1.0,1
acme,ACM-BALL0944,Carton,12.0,0
acme,ACM-SELF0571,Packet,1.0,1
acme,ACM-SELF0571,Carton,24.0,0
acme,ACM-HEXB0769,Pcs,1.0,1
acme,ACM-HEXB0769,Carton,10.0,0
acme,ACM-NITR0341,Box,1.0,1
acme,ACM-MASK0530,Roll,1.0,1
acme,ACM-MASK0530,Carton,12.0,0
acme,ACM-ANGL0481,Packet,1.0,1
acme,ACM-ANGL0481,Carton,12.0,0
acme,ACM-CABL0785,Packet,1.0,1
acme,ACM-CABL0785,Carton,6.0,0
acme,ACM-CABL0316,Packet,1.0,1
acme,ACM-CABL0316,Carton,100.0,0
acme,ACM-CABL0311,Packet,1.0,1
acme,ACM-CABL0311,Carton,10.0,0
acme,ACM-HEXB0385,Pcs,1.0,1
acme,ACM-HEXB0385,Carton,6.0,0
acme,ACM-HEXB0649,Pcs,1.0,1
acme,ACM-HEXB0649,Carton,6.0,0
acme,ACM-HEXB0235,Pcs,1.0,1
acme,ACM-HEXB0235,Carton,6.0,0
acme,ACM-PVCP0642,Length,1.0,1
acme,ACM-PVCP0099,Length,1.0,1
acme,ACM-PVCP0124,Length,1.0,1
acme,ACM-HEXB0219,Pcs,1.0,1
acme,ACM-HEXB0219,Carton,10.0,0
acme,ACM-BALL0057,Nos,1.0,1
acme,ACM-BALL0057,Carton,50.0,0
acme,ACM-HEXB0355,Pcs,1.0,1
acme,ACM-HEXB0355,Carton,100.0,0
acme,ACM-SAFE0543,Nos,1.0,1
acme,ACM-SAFE0543,Carton,6.0,0
acme,ACM-HOSE0367,Pcs,1.0,1
acme,ACM-HOSE0367,Carton,24.0,0
acme,ACM-BALL0890,Nos,1.0,1
acme,ACM-BALL0890,Carton,12.0,0
acme,ACM-ANGL0828,Packet,1.0,1
acme,ACM-ANGL0828,Carton,10.0,0
acme,ACM-NITR0973,Box,1.0,1
acme,ACM-BALL0836,Nos,1.0,1
acme,ACM-BALL0836,Carton,12.0,0
acme,ACM-HEXB0194,Pcs,1.0,1
acme,ACM-HEXB0194,Carton,100.0,0
acme,ACM-HEXB0867,Pcs,1.0,1
acme,ACM-HEXB0867,Carton,50.0,0
acme,ACM-HEXB0437,Pcs,1.0,1
acme,ACM-HEXB0437,Carton,6.0,0
acme,ACM-SELF0072,Packet,1.0,1
acme,ACM-SELF0072,Carton,10.0,0
acme,ACM-MASK0282,Roll,1.0,1
acme,ACM-MASK0282,Carton,6.0,0
acme,ACM-SAFE0920,Nos,1.0,1
acme,ACM-SAFE0920,Carton,6.0,0
acme,ACM-PVCP0295,Length,1.0,1
acme,ACM-SELF0995,Packet,1.0,1
acme,ACM-SELF0995,Carton,6.0,0
acme,ACM-ANGL0940,Packet,1.0,1
acme,ACM-ANGL0940,Carton,12.0,0
acme,ACM-NITR0903-OLD,Box,1.0,1
acme,ACM-PVCP0134,Length,1.0,1
acme,ACM-MISC009,Nos,1.0,1
acme,ACM-HOSE0704,Pcs,1.0,1
acme,ACM-HOSE0704,Carton,50.0,0
acme,ACM-ANGL0672,Packet,1.0,1
acme,ACM-ANGL0672,Carton,6.0,0
acme,ACM-PVCP0192,Length,1.0,1
acme,ACM-HEXB0762-OLD,Pcs,1.0,1
acme,ACM-HEXB0762-OLD,Carton,50.0,0
acme,ACM-MASK0490,Roll,1.0,1
acme,ACM-MASK0490,Carton,12.0,0
acme,ACM-HEXB0426,Pcs,1.0,1
acme,ACM-HEXB0426,Carton,100.0,0
acme,ACM-CABL0864,Packet,1.0,1
acme,ACM-CABL0864,Carton,50.0,0
acme,ACM-HOSE0911-OLD,Pcs,1.0,1
acme,ACM-HOSE0911-OLD,Carton,12.0,0
acme,ACM-BALL0623,Nos,1.0,1
acme,ACM-BALL0623,Carton,12.0,0
acme,ACM-CABL0239,Packet,1.0,1
acme,ACM-CABL0239,Carton,6.0,0
acme,ACM-PVCP0200,Length,1.0,1
acme,ACM-HOSE1094,Pcs,1.0,1
acme,ACM-HOSE1094,Carton,12.0,0
acme,ACM-SAFE0779,Nos,1.0,1
acme,ACM-SAFE0779,Carton,50.0,0
acme,ACM-ANGL0815,Packet,1.0,1
acme,ACM-ANGL0815,Carton,12.0,0
acme,ACM-CABL0455,Packet,1.0,1
acme,ACM-CABL0455,Carton,50.0,0
acme,ACM-HEXB0445,Pcs,1.0,1
acme,ACM-HEXB0445,Carton,50.0,0
acme,ACM-SELF0105-OLD,Packet,1.0,1
acme,ACM-SELF0105-OLD,Carton,10.0,0
acme,ACM-SELF0349,Packet,1.0,1
acme,ACM-SELF0349,Carton,6.0,0
acme,ACM-WALL0308,Packet,1.0,1
acme,ACM-WALL0308,Carton,24.0,0
acme,ACM-MASK0475,Roll,1.0,1
acme,ACM-MASK0475,Carton,6.0,0
acme,ACM-PVCP0796,Length,1.0,1
acme,ACM-BALL0507,Nos,1.0,1
acme,ACM-BALL0507,Carton,100.0,0
acme,ACM-NITR0027,Box,1.0,1
acme,ACM-SELF0090,Packet,1.0,1
acme,ACM-SELF0090,Carton,12.0,0
acme,ACM-BALL0849,Nos,1.0,1
acme,ACM-BALL0849,Carton,12.0,0
acme,ACM-NITR0339,Box,1.0,1
acme,ACM-ANGL0598,Packet,1.0,1
acme,ACM-ANGL0598,Carton,100.0,0
acme,ACM-GIWI0026,Kg,1.0,1
acme,ACM-PVCP0937,Length,1.0,1
acme,ACM-BALL0011,Nos,1.0,1
acme,ACM-BALL0011,Carton,10.0,0
acme,ACM-CABL0752,Packet,1.0,1
acme,ACM-CABL0752,Carton,6.0,0
acme,ACM-GIWI1005,Kg,1.0,1
acme,ACM-HEXB0273,Pcs,1.0,1
acme,ACM-HEXB0273,Carton,12.0,0
acme,ACM-CABL0259,Packet,1.0,1
acme,ACM-CABL0259,Carton,24.0,0
acme,ACM-HEXB0115,Pcs,1.0,1
acme,ACM-HEXB0115,Carton,6.0,0
acme,ACM-NITR0536,Box,1.0,1
acme,ACM-HEXB0832,Pcs,1.0,1
acme,ACM-HEXB0832,Carton,6.0,0
acme,ACM-HOSE0605,Pcs,1.0,1
acme,ACM-HOSE0605,Carton,50.0,0
acme,ACM-SELF0669,Packet,1.0,1
acme,ACM-SELF0669,Carton,24.0,0
acme,ACM-CABL0805,Packet,1.0,1
acme,ACM-CABL0805,Carton,100.0,0
acme,ACM-HEXB0534,Pcs,1.0,1
acme,ACM-HEXB0534,Carton,6.0,0
acme,ACM-HEXB0844,Pcs,1.0,1
acme,ACM-HEXB0844,Carton,6.0,0
acme,ACM-NITR0460,Box,1.0,1
acme,ACM-WALL1041,Packet,1.0,1
acme,ACM-WALL1041,Carton,12.0,0
acme,ACM-GIWI0197,Kg,1.0,1
acme,ACM-BALL0831,Nos,1.0,1
acme,ACM-BALL0831,Carton,100.0,0
acme,ACM-HEXB0228,Pcs,1.0,1
acme,ACM-HEXB0228,Carton,24.0,0
acme,ACM-PVCP0142,Length,1.0,1
acme,ACM-SELF0504,Packet,1.0,1
acme,ACM-SELF0504,Carton,6.0,0
acme,ACM-HOSE1052,Pcs,1.0,1
acme,ACM-HOSE1052,Carton,10.0,0
acme,ACM-BALL0778,Nos,1.0,1
acme,ACM-BALL0778,Carton,100.0,0
acme,ACM-GIWI0515,Kg,1.0,1
acme,ACM-PVCP0501,Length,1.0,1
acme,ACM-HEXB0658,Pcs,1.0,1
acme,ACM-HEXB0658,Carton,24.0,0
acme,ACM-WALL0175,Packet,1.0,1
acme,ACM-WALL0175,Carton,10.0,0
acme,ACM-HEXB0277,Pcs,1.0,1
acme,ACM-HEXB0277,Carton,12.0,0
acme,ACM-MASK0887,Roll,1.0,1
acme,ACM-MASK0887,Carton,50.0,0
acme,ACM-GIWI0652,Kg,1.0,1
acme,ACM-SAFE0749,Nos,1.0,1
acme,ACM-SAFE0749,Carton,12.0,0
acme,ACM-HEXB0379,Pcs,1.0,1
acme,ACM-HEXB0379,Carton,12.0,0
acme,ACM-NITR0497,Box,1.0,1
acme,ACM-MASK0237,Roll,1.0,1
acme,ACM-MASK0237,Carton,12.0,0
acme,ACM-HEXB0759,Pcs,1.0,1
acme,ACM-HEXB0759,Carton,100.0,0
acme,ACM-MISC005,Nos,1.0,1
acme,ACM-GIWI0218,Kg,1.0,1
acme,ACM-WALL0065,Packet,1.0,1
acme,ACM-WALL0065,Carton,24.0,0
acme,ACM-CABL0156,Packet,1.0,1
acme,ACM-CABL0156,Carton,6.0,0
acme,ACM-NITR0122,Box,1.0,1
acme,ACM-SAFE0299,Nos,1.0,1
acme,ACM-SAFE0299,Carton,24.0,0
acme,ACM-PVCP0009,Length,1.0,1
acme,ACM-PVCP1075,Length,1.0,1
acme,ACM-HEXB0298,Pcs,1.0,1
acme,ACM-HEXB0298,Carton,24.0,0
acme,ACM-HEXB0708,Pcs,1.0,1
acme,ACM-HEXB0708,Carton,100.0,0
acme,ACM-PVCP0537,Length,1.0,1
acme,ACM-ANGL1090,Packet,1.0,1
acme,ACM-ANGL1090,Carton,6.0,0
acme,ACM-PVCP1009,Length,1.0,1
acme,ACM-HEXB0310,Pcs,1.0,1
acme,ACM-HEXB0310,Carton,10.0,0
acme,ACM-HEXB0431,Pcs,1.0,1
acme,ACM-HEXB0431,Carton,6.0,0
acme,ACM-SELF0108,Packet,1.0,1
acme,ACM-SELF0108,Carton,12.0,0
acme,ACM-SAFE0984,Nos,1.0,1
acme,ACM-SAFE0984,Carton,50.0,0
acme,ACM-GIWI0897,Kg,1.0,1
acme,ACM-SAFE0829,Nos,1.0,1
acme,ACM-SAFE0829,Carton,50.0,0
acme,ACM-CABL0161,Packet,1.0,1
acme,ACM-CABL0161,Carton,100.0,0
acme,ACM-CABL0461,Packet,1.0,1
acme,ACM-CABL0461,Carton,24.0,0
acme,ACM-PVCP0570,Length,1.0,1
acme,ACM-SAFE0393,Nos,1.0,1
acme,ACM-SAFE0393,Carton,6.0,0
acme,ACM-HEXB0860,Pcs,1.0,1
acme,ACM-HEXB0860,Carton,10.0,0
acme,ACM-PVCP0691,Length,1.0,1
acme,ACM-BALL0735,Nos,1.0,1
acme,ACM-BALL0735,Carton,50.0,0
acme,ACM-SAFE0375,Nos,1.0,1
acme,ACM-SAFE0375,Carton,6.0,0
acme,ACM-HEXB0319,Pcs,1.0,1
acme,ACM-HEXB0319,Carton,24.0,0
acme,ACM-NITR0362,Box,1.0,1
acme,ACM-MASK0600,Roll,1.0,1
acme,ACM-MASK0600,Carton,6.0,0
acme,ACM-CABL0312,Packet,1.0,1
acme,ACM-CABL0312,Carton,12.0,0
acme,ACM-CABL0549,Packet,1.0,1
acme,ACM-CABL0549,Carton,100.0,0
acme,ACM-MASK0032,Roll,1.0,1
acme,ACM-MASK0032,Carton,24.0,0
acme,ACM-PVCP0119,Length,1.0,1
acme,ACM-PVCP0625,Length,1.0,1
acme,ACM-HEXB0433,Pcs,1.0,1
acme,ACM-HEXB0433,Carton,100.0,0
acme,ACM-SELF0766,Packet,1.0,1
acme,ACM-SELF0766,Carton,24.0,0
acme,ACM-BALL0688,Nos,1.0,1
acme,ACM-BALL0688,Carton,12.0,0
acme,ACM-ANGL0335,Packet,1.0,1
acme,ACM-ANGL0335,Carton,50.0,0
acme,ACM-HEXB0238,Pcs,1.0,1
acme,ACM-HEXB0238,Carton,24.0,0
acme,ACM-BALL0168,Nos,1.0,1
acme,ACM-BALL0168,Carton,10.0,0
acme,ACM-ANGL0858,Packet,1.0,1
acme,ACM-ANGL0858,Carton,6.0,0
acme,ACM-SELF0247,Packet,1.0,1
acme,ACM-SELF0247,Carton,24.0,0
acme,ACM-MASK0629,Roll,1.0,1
acme,ACM-MASK0629,Carton,12.0,0
acme,ACM-CABL0452,Packet,1.0,1
acme,ACM-CABL0452,Carton,6.0,0
acme,ACM-SAFE0360,Nos,1.0,1
acme,ACM-SAFE0360,Carton,6.0,0
acme,ACM-CABL1031,Packet,1.0,1
acme,ACM-CABL1031,Carton,10.0,0
acme,ACM-HEXB0723,Pcs,1.0,1
acme,ACM-HEXB0723,Carton,6.0,0
acme,ACM-PVCP0131,Length,1.0,1
acme,ACM-GIWI0621,Kg,1.0,1
acme,ACM-ANGL0303,Packet,1.0,1
acme,ACM-ANGL0303,Carton,6.0,0
acme,ACM-HEXB0783,Pcs,1.0,1
acme,ACM-HEXB0783,Carton,6.0,0
acme,ACM-CABL0689,Packet,1.0,1
acme,ACM-CABL0689,Carton,100.0,0
acme,ACM-CABL0733,Packet,1.0,1
acme,ACM-CABL0733,Carton,100.0,0
acme,ACM-PVCP0126,Length,1.0,1
acme,ACM-HOSE1069,Pcs,1.0,1
acme,ACM-HOSE1069,Carton,24.0,0
acme,ACM-MASK0307,Roll,1.0,1
acme,ACM-MASK0307,Carton,12.0,0
acme,ACM-SELF0681,Packet,1.0,1
acme,ACM-SELF0681,Carton,6.0,0
acme,ACM-NITR0351,Box,1.0,1
acme,ACM-PVCP0923,Length,1.0,1
acme,ACM-HEXB0236,Pcs,1.0,1
acme,ACM-HEXB0236,Carton,12.0,0
acme,ACM-HEXB0848,Pcs,1.0,1
acme,ACM-HEXB0848,Carton,24.0,0
acme,ACM-MASK0434,Roll,1.0,1
acme,ACM-MASK0434,Carton,6.0,0
acme,ACM-GIWI0179,Kg,1.0,1
acme,ACM-PVCP0048,Length,1.0,1
acme,ACM-HEXB0517,Pcs,1.0,1
acme,ACM-HEXB0517,Carton,6.0,0
acme,ACM-ANGL1036,Packet,1.0,1
acme,ACM-ANGL1036,Carton,50.0,0
acme,ACM-PVCP0138,Length,1.0,1
acme,ACM-PVCP0739,Length,1.0,1
acme,ACM-GIWI0097,Kg,1.0,1
acme,ACM-BALL0525,Nos,1.0,1
acme,ACM-BALL0525,Carton,12.0,0
acme,ACM-GIWI0557,Kg,1.0,1
acme,ACM-CABL1057,Packet,1.0,1
acme,ACM-CABL1057,Carton,10.0,0
acme,ACM-PVCP1046,Length,1.0,1
acme,ACM-HOSE0467,Pcs,1.0,1
acme,ACM-HOSE0467,Carton,10.0,0
acme,ACM-BALL0132,Nos,1.0,1
acme,ACM-BALL0132,Carton,50.0,0
acme,ACM-HOSE0593,Pcs,1.0,1
acme,ACM-HOSE0593,Carton,10.0,0
acme,ACM-WALL0736,Packet,1.0,1
acme,ACM-WALL0736,Carton,50.0,0
acme,ACM-NITR0768,Box,1.0,1
acme,ACM-BALL0154,Nos,1.0,1
acme,ACM-BALL0154,Carton,100.0,0
acme,ACM-HEXB0542,Pcs,1.0,1
acme,ACM-HEXB0542,Carton,50.0,0
acme,ACM-PVCP0640,Length,1.0,1
acme,ACM-CABL0340,Packet,1.0,1
acme,ACM-CABL0340,Carton,10.0,0
acme,ACM-PVCP1091,Length,1.0,1
acme,ACM-SELF0043,Packet,1.0,1
acme,ACM-SELF0043,Carton,50.0,0
acme,ACM-CABL0654,Packet,1.0,1
acme,ACM-CABL0654,Carton,10.0,0
acme,ACM-CABL1035,Packet,1.0,1
acme,ACM-CABL1035,Carton,12.0,0
acme,ACM-MISC006,Nos,1.0,1
acme,ACM-BALL0289,Nos,1.0,1
acme,ACM-BALL0289,Carton,10.0,0
acme,ACM-ANGL0788,Packet,1.0,1
acme,ACM-ANGL0788,Carton,6.0,0
acme,ACM-ANGL0051,Packet,1.0,1
acme,ACM-ANGL0051,Carton,24.0,0
acme,ACM-WALL0324,Packet,1.0,1
acme,ACM-WALL0324,Carton,24.0,0
acme,ACM-CABL0353,Packet,1.0,1
acme,ACM-CABL0353,Carton,6.0,0
acme,ACM-CABL0885,Packet,1.0,1
acme,ACM-CABL0885,Carton,6.0,0
acme,ACM-MASK0163,Roll,1.0,1
acme,ACM-MASK0163,Carton,12.0,0
acme,ACM-BALL0241,Nos,1.0,1
acme,ACM-BALL0241,Carton,12.0,0
acme,ACM-BALL0493,Nos,1.0,1
acme,ACM-BALL0493,Carton,100.0,0
acme,ACM-NITR0470,Box,1.0,1
acme,ACM-WALL0039,Packet,1.0,1
acme,ACM-WALL0039,Carton,6.0,0
acme,ACM-WALL0535,Packet,1.0,1
acme,ACM-WALL0535,Carton,6.0,0
acme,ACM-GIWI0430,Kg,1.0,1
acme,ACM-SELF0304,Packet,1.0,1
acme,ACM-SELF0304,Carton,10.0,0
acme,ACM-PVCP0616,Length,1.0,1
acme,ACM-MASK0478,Roll,1.0,1
acme,ACM-MASK0478,Carton,10.0,0
acme,ACM-CABL0407,Packet,1.0,1
acme,ACM-CABL0407,Carton,12.0,0
acme,ACM-BALL0827,Nos,1.0,1
acme,ACM-BALL0827,Carton,50.0,0
acme,ACM-HEXB0632,Pcs,1.0,1
acme,ACM-HEXB0632,Carton,6.0,0
acme,ACM-MASK0553,Roll,1.0,1
acme,ACM-MASK0553,Carton,50.0,0
acme,ACM-SELF0416,Packet,1.0,1
acme,ACM-SELF0416,Carton,10.0,0
acme,ACM-NITR0960,Box,1.0,1
acme,ACM-HEXB0268,Pcs,1.0,1
acme,ACM-HEXB0268,Carton,24.0,0
acme,ACM-SELF0712,Packet,1.0,1
acme,ACM-SELF0712,Carton,12.0,0
acme,ACM-SAFE0861,Nos,1.0,1
acme,ACM-SAFE0861,Carton,50.0,0
acme,ACM-BALL0146,Nos,1.0,1
acme,ACM-BALL0146,Carton,50.0,0
acme,ACM-HEXB0420,Pcs,1.0,1
acme,ACM-HEXB0420,Carton,100.0,0
acme,ACM-WALL0205,Packet,1.0,1
acme,ACM-WALL0205,Carton,100.0,0
acme,ACM-GIWI0961,Kg,1.0,1
acme,ACM-HOSE1014,Pcs,1.0,1
acme,ACM-HOSE1014,Carton,50.0,0
acme,ACM-WALL0052,Packet,1.0,1
acme,ACM-WALL0052,Carton,100.0,0
acme,ACM-ANGL0397,Packet,1.0,1
acme,ACM-ANGL0397,Carton,10.0,0
acme,ACM-NITR0872,Box,1.0,1
acme,ACM-HEXB0125,Pcs,1.0,1
acme,ACM-HEXB0125,Carton,6.0,0
acme,ACM-PVCP0466,Length,1.0,1
acme,ACM-PVCP0837,Length,1.0,1
acme,ACM-BALL0880,Nos,1.0,1
acme,ACM-BALL0880,Carton,6.0,0
acme,ACM-SAFE0579,Nos,1.0,1
acme,ACM-SAFE0579,Carton,100.0,0
acme,ACM-ANGL0838,Packet,1.0,1
acme,ACM-ANGL0838,Carton,6.0,0
acme,ACM-BALL0612,Nos,1.0,1
acme,ACM-BALL0612,Carton,100.0,0
acme,ACM-HOSE0938,Pcs,1.0,1
acme,ACM-HOSE0938,Carton,10.0,0
acme,ACM-HOSE0980,Pcs,1.0,1
acme,ACM-HOSE0980,Carton,100.0,0
acme,ACM-HEXB0743-OLD,Pcs,1.0,1
acme,ACM-HEXB0743-OLD,Carton,12.0,0
acme,ACM-HOSE0044,Pcs,1.0,1
acme,ACM-HOSE0044,Carton,10.0,0
acme,ACM-ANGL1089,Packet,1.0,1
acme,ACM-ANGL1089,Carton,12.0,0
acme,ACM-SAFE0120,Nos,1.0,1
acme,ACM-SAFE0120,Carton,24.0,0
acme,ACM-HEXB1063,Pcs,1.0,1
acme,ACM-HEXB1063,Carton,24.0,0
acme,ACM-MASK0745,Roll,1.0,1
acme,ACM-MASK0745,Carton,24.0,0
acme,ACM-HEXB0465,Pcs,1.0,1
acme,ACM-HEXB0465,Carton,50.0,0
acme,ACM-PVCP0699,Length,1.0,1
acme,ACM-CABL0772,Packet,1.0,1
acme,ACM-CABL0772,Carton,6.0,0
acme,ACM-SELF0964,Packet,1.0,1
acme,ACM-SELF0964,Carton,12.0,0
acme,ACM-SAFE0049,Nos,1.0,1
acme,ACM-SAFE0049,Carton,100.0,0
acme,ACM-BALL0662,Nos,1.0,1
acme,ACM-BALL0662,Carton,50.0,0
acme,ACM-BALL0750,Nos,1.0,1
acme,ACM-BALL0750,Carton,12.0,0
acme,ACM-HEXB1018,Pcs,1.0,1
acme,ACM-HEXB1018,Carton,100.0,0
acme,ACM-PVCP0700,Length,1.0,1
acme,ACM-SAFE0581,Nos,1.0,1
acme,ACM-SAFE0581,Carton,10.0,0
acme,ACM-MISC004,Nos,1.0,1
acme,ACM-BALL0417,Nos,1.0,1
acme,ACM-BALL0417,Carton,12.0,0
acme,ACM-BALL0587,Nos,1.0,1
acme,ACM-BALL0587,Carton,12.0,0
acme,ACM-SELF0696,Packet,1.0,1
acme,ACM-SELF0696,Carton,100.0,0
acme,ACM-HEXB0603,Pcs,1.0,1
acme,ACM-HEXB0603,Carton,50.0,0
acme,ACM-PVCP0683,Length,1.0,1
acme,ACM-HEXB0356,Pcs,1.0,1
acme,ACM-HEXB0356,Carton,6.0,0
acme,ACM-GIWI0871,Kg,1.0,1
acme,ACM-PVCP0260,Length,1.0,1
acme,ACM-SELF0326,Packet,1.0,1
acme,ACM-SELF0326,Carton,50.0,0
acme,ACM-SELF0170,Packet,1.0,1
acme,ACM-SELF0170,Carton,12.0,0
acme,ACM-CABL0107,Packet,1.0,1
acme,ACM-CABL0107,Carton,6.0,0
acme,ACM-BALL0116,Nos,1.0,1
acme,ACM-BALL0116,Carton,24.0,0
acme,ACM-CABL1039,Packet,1.0,1
acme,ACM-CABL1039,Carton,6.0,0
acme,ACM-HEXB1020,Pcs,1.0,1
acme,ACM-HEXB1020,Carton,12.0,0
acme,ACM-HEXB1096,Pcs,1.0,1
acme,ACM-HEXB1096,Carton,12.0,0
acme,ACM-HOSE0835,Pcs,1.0,1
acme,ACM-HOSE0835,Carton,50.0,0
acme,ACM-PVCP0412B,Length,1.0,1
acme,ACM-PVCP0412B,Carton,144.0,0
acme,ACM-HEXB0500,Pcs,1.0,1
acme,ACM-HEXB0500,Carton,100.0,0
acme,ACM-SAFE0564,Nos,1.0,1
acme,ACM-SAFE0564,Carton,12.0,0
acme,ACM-CABL0560,Packet,1.0,1
acme,ACM-CABL0560,Carton,12.0,0
acme,ACM-CABL0062,Packet,1.0,1
acme,ACM-CABL0062,Carton,24.0,0
acme,ACM-PVCP1072,Length,1.0,1
acme,ACM-HEXB0089B,Pcs,1.0,1
acme,ACM-HEXB0089B,Carton,144.0,0
acme,ACM-SELF0272,Packet,1.0,1
acme,ACM-SELF0272,Carton,24.0,0
acme,ACM-HEXB0088,Pcs,1.0,1
acme,ACM-HEXB0088,Carton,50.0,0
acme,ACM-WALL0443,Packet,1.0,1
acme,ACM-WALL0443,Carton,50.0,0
acme,ACM-SELF0966,Packet,1.0,1
acme,ACM-SELF0966,Carton,24.0,0
acme,ACM-CABL0722,Packet,1.0,1
acme,ACM-CABL0722,Carton,100.0,0
acme,ACM-ANGL0343,Packet,1.0,1
acme,ACM-ANGL0343,Carton,50.0,0
acme,ACM-GIWI0252,Kg,1.0,1
acme,ACM-CABL0884,Packet,1.0,1
acme,ACM-CABL0884,Carton,12.0,0
acme,ACM-HEXB0793,Pcs,1.0,1
acme,ACM-HEXB0793,Carton,10.0,0
acme,ACM-CABL0967,Packet,1.0,1
acme,ACM-CABL0967,Carton,50.0,0
acme,ACM-PVCP0577,Length,1.0,1
acme,ACM-NITR0031,Box,1.0,1
acme,ACM-HOSE0046,Pcs,1.0,1
acme,ACM-HOSE0046,Carton,100.0,0
acme,ACM-MASK0959,Roll,1.0,1
acme,ACM-MASK0959,Carton,24.0,0
acme,ACM-CABL0396,Packet,1.0,1
acme,ACM-CABL0396,Carton,12.0,0
acme,ACM-GIWI0453,Kg,1.0,1
acme,ACM-PVCP0463,Length,1.0,1
acme,ACM-HOSE0915,Pcs,1.0,1
acme,ACM-HOSE0915,Carton,100.0,0
acme,ACM-HOSE0711,Pcs,1.0,1
acme,ACM-HOSE0711,Carton,6.0,0
acme,ACM-HEXB0050,Pcs,1.0,1
acme,ACM-HEXB0050,Carton,24.0,0
acme,ACM-WALL0193,Packet,1.0,1
acme,ACM-WALL0193,Carton,24.0,0
acme,ACM-HEXB0633,Pcs,1.0,1
acme,ACM-HEXB0633,Carton,50.0,0
acme,ACM-MASK0756,Roll,1.0,1
acme,ACM-MASK0756,Carton,100.0,0
acme,ACM-BALL0165,Nos,1.0,1
acme,ACM-BALL0165,Carton,10.0,0
acme,ACM-PVCP0650,Length,1.0,1
acme,ACM-ANGL0947,Packet,1.0,1
acme,ACM-ANGL0947,Carton,12.0,0
acme,ACM-GIWI0824,Kg,1.0,1
acme,ACM-PVCP1032,Length,1.0,1
acme,ACM-ANGL0328,Packet,1.0,1
acme,ACM-ANGL0328,Carton,6.0,0
acme,ACM-SELF0718,Packet,1.0,1
acme,ACM-SELF0718,Carton,12.0,0
acme,ACM-CABL0064,Packet,1.0,1
acme,ACM-CABL0064,Carton,10.0,0
acme,ACM-HEXB0738,Pcs,1.0,1
acme,ACM-HEXB0738,Carton,24.0,0
acme,ACM-WALL0066,Packet,1.0,1
acme,ACM-WALL0066,Carton,24.0,0
acme,ACM-ANGL0484,Packet,1.0,1
acme,ACM-ANGL0484,Carton,50.0,0
acme,ACM-PVCP0279,Length,1.0,1
acme,ACM-PVCP0485,Length,1.0,1
acme,ACM-MASK0327,Roll,1.0,1
acme,ACM-MASK0327,Carton,50.0,0
acme,ACM-CABL0270,Packet,1.0,1
acme,ACM-CABL0270,Carton,24.0,0
acme,ACM-SAFE0725,Nos,1.0,1
acme,ACM-SAFE0725,Carton,100.0,0
acme,ACM-CABL0391,Packet,1.0,1
acme,ACM-CABL0391,Carton,24.0,0
acme,ACM-SAFE0579-OLD,Nos,1.0,1
acme,ACM-SAFE0579-OLD,Carton,100.0,0
acme,ACM-CABL0012,Packet,1.0,1
acme,ACM-CABL0012,Carton,24.0,0
acme,ACM-HOSE0974,Pcs,1.0,1
acme,ACM-HOSE0974,Carton,50.0,0
acme,ACM-WALL0436,Packet,1.0,1
acme,ACM-WALL0436,Carton,6.0,0
acme,ACM-SAFE0100,Nos,1.0,1
acme,ACM-SAFE0100,Carton,12.0,0
acme,ACM-HEXB0283,Pcs,1.0,1
acme,ACM-HEXB0283,Carton,50.0,0
acme,ACM-HEXB0498,Pcs,1.0,1
acme,ACM-HEXB0498,Carton,12.0,0
acme,ACM-MASK0338,Roll,1.0,1
acme,ACM-MASK0338,Carton,50.0,0
acme,ACM-ANGL0063,Packet,1.0,1
acme,ACM-ANGL0063,Carton,12.0,0
acme,ACM-CABL0256,Packet,1.0,1
acme,ACM-CABL0256,Carton,6.0,0
acme,ACM-SELF0091,Packet,1.0,1
acme,ACM-SELF0091,Carton,10.0,0
acme,ACM-ANGL0448,Packet,1.0,1
acme,ACM-ANGL0448,Carton,12.0,0
acme,ACM-SELF0457,Packet,1.0,1
acme,ACM-SELF0457,Carton,50.0,0
acme,ACM-HEXB0333,Pcs,1.0,1
acme,ACM-HEXB0333,Carton,10.0,0
acme,ACM-MASK0203,Roll,1.0,1
acme,ACM-MASK0203,Carton,6.0,0
acme,ACM-HEXB0357,Pcs,1.0,1
acme,ACM-HEXB0357,Carton,12.0,0
acme,ACM-ANGL0080,Packet,1.0,1
acme,ACM-ANGL0080,Carton,12.0,0
acme,ACM-HEXB0876,Pcs,1.0,1
acme,ACM-HEXB0876,Carton,100.0,0
acme,ACM-HEXB0717,Pcs,1.0,1
acme,ACM-HEXB0717,Carton,10.0,0
acme,ACM-ANGL0167,Packet,1.0,1
acme,ACM-ANGL0167,Carton,24.0,0
acme,ACM-CABL0287-OLD,Packet,1.0,1
acme,ACM-CABL0287-OLD,Carton,50.0,0
acme,ACM-BALL0215,Nos,1.0,1
acme,ACM-BALL0215,Carton,12.0,0
acme,ACM-PVCP0578,Length,1.0,1
acme,ACM-HEXB0058,Pcs,1.0,1
acme,ACM-HEXB0058,Carton,24.0,0
acme,ACM-HEXB0986,Pcs,1.0,1
acme,ACM-HEXB0986,Carton,12.0,0
acme,ACM-SAFE0591,Nos,1.0,1
acme,ACM-SAFE0591,Carton,100.0,0
acme,ACM-ANGL0834,Packet,1.0,1
acme,ACM-ANGL0834,Carton,6.0,0
acme,ACM-MASK0141,Roll,1.0,1
acme,ACM-MASK0141,Carton,50.0,0
acme,ACM-WALL0508,Packet,1.0,1
acme,ACM-WALL0508,Carton,6.0,0
acme,ACM-BALL0512,Nos,1.0,1
acme,ACM-BALL0512,Carton,100.0,0
acme,ACM-BALL0983,Nos,1.0,1
acme,ACM-BALL0983,Carton,10.0,0
acme,ACM-GIWI0789-OLD,Kg,1.0,1
acme,ACM-CABL0874,Packet,1.0,1
acme,ACM-CABL0874,Carton,6.0,0
acme,ACM-BALL0305,Nos,1.0,1
acme,ACM-BALL0305,Carton,10.0,0
acme,ACM-SELF0737,Packet,1.0,1
acme,ACM-SELF0737,Carton,24.0,0
acme,ACM-HEXB0539,Pcs,1.0,1
acme,ACM-HEXB0539,Carton,50.0,0
acme,ACM-HEXB0181,Pcs,1.0,1
acme,ACM-HEXB0181,Carton,24.0,0
acme,ACM-HEXB0782,Pcs,1.0,1
acme,ACM-HEXB0782,Carton,6.0,0
acme,ACM-PVCP0309,Length,1.0,1
acme,ACM-BALL0601,Nos,1.0,1
acme,ACM-BALL0601,Carton,10.0,0
acme,ACM-BALL0702,Nos,1.0,1
acme,ACM-BALL0702,Carton,50.0,0
acme,ACM-ANGL0411B,Packet,1.0,1
acme,ACM-ANGL0411B,Carton,144.0,0
acme,ACM-GIWI1098,Kg,1.0,1
acme,ACM-ANGL1023,Packet,1.0,1
acme,ACM-ANGL1023,Carton,50.0,0
acme,ACM-WALL1040,Packet,1.0,1
acme,ACM-WALL1040,Carton,100.0,0
acme,ACM-HEXB1064,Pcs,1.0,1
acme,ACM-HEXB1064,Carton,100.0,0
acme,ACM-SELF0611,Packet,1.0,1
acme,ACM-SELF0611,Carton,12.0,0
acme,ACM-HEXB0743,Pcs,1.0,1
acme,ACM-HEXB0743,Carton,12.0,0
acme,ACM-CABL0583,Packet,1.0,1
acme,ACM-CABL0583,Carton,100.0,0
nordic,NRD-PRAW0099-OLD,Kg,1.0,1
nordic,NRD-FULL0120,Nos,1.0,1
nordic,NRD-FULL0120,Carton,10.0,0
nordic,NRD-POTA0139,Packet,1.0,1
nordic,NRD-POTA0139,Carton,6.0,0
nordic,NRD-BEEF0270,Packet,1.0,1
nordic,NRD-BEEF0270,Carton,6.0,0
nordic,NRD-BUTT0093,Packet,1.0,1
nordic,NRD-BUTT0093,Carton,10.0,0
nordic,NRD-SALM0142B,Kg,1.0,1
nordic,NRD-SALM0142B,Carton,144.0,0
nordic,NRD-SALM0449,Kg,1.0,1
nordic,NRD-VANI0424,Nos,1.0,1
nordic,NRD-VANI0424,Carton,6.0,0
nordic,NRD-SALM0299,Kg,1.0,1
nordic,NRD-FULL0203,Nos,1.0,1
nordic,NRD-FULL0203,Carton,6.0,0
nordic,NRD-POTA0103,Packet,1.0,1
nordic,NRD-POTA0103,Carton,6.0,0
nordic,NRD-BEEF0423,Packet,1.0,1
nordic,NRD-BEEF0423,Carton,50.0,0
nordic,NRD-PUFF0426,Packet,1.0,1
nordic,NRD-PUFF0426,Carton,50.0,0
nordic,NRD-CHIC0020,Kg,1.0,1
nordic,NRD-BEEF0057,Packet,1.0,1
nordic,NRD-BEEF0057,Carton,12.0,0
nordic,NRD-CHIC0324-OLD,Kg,1.0,1
nordic,NRD-BUTT0336,Packet,1.0,1
nordic,NRD-BUTT0336,Carton,100.0,0
nordic,NRD-MOZZ0109,Kg,1.0,1
nordic,NRD-SQUI0089,Kg,1.0,1
nordic,NRD-VANI0460,Nos,1.0,1
nordic,NRD-VANI0460,Carton,100.0,0
nordic,NRD-BEEF0382,Packet,1.0,1
nordic,NRD-BEEF0382,Carton,24.0,0
nordic,NRD-FULL0267,Nos,1.0,1
nordic,NRD-FULL0267,Carton,10.0,0
nordic,NRD-VANI0363,Nos,1.0,1
nordic,NRD-VANI0363,Carton,6.0,0
nordic,NRD-BEEF0118,Packet,1.0,1
nordic,NRD-BEEF0118,Carton,24.0,0
nordic,NRD-PRAW0435,Kg,1.0,1
nordic,NRD-BEEF0478,Packet,1.0,1
nordic,NRD-BEEF0478,Carton,50.0,0
nordic,NRD-MOZZ0065,Kg,1.0,1
nordic,NRD-BUTT0312,Packet,1.0,1
nordic,NRD-BUTT0312,Carton,50.0,0
nordic,NRD-CHIC0134,Kg,1.0,1
nordic,NRD-POTA0443,Packet,1.0,1
nordic,NRD-POTA0443,Carton,24.0,0
nordic,NRD-SQUI0112,Kg,1.0,1
nordic,NRD-VANI0263,Nos,1.0,1
nordic,NRD-VANI0263,Carton,24.0,0
nordic,NRD-BEEF0335,Packet,1.0,1
nordic,NRD-BEEF0335,Carton,6.0,0
nordic,NRD-FULL0287,Nos,1.0,1
nordic,NRD-FULL0287,Carton,6.0,0
nordic,NRD-POTA0438,Packet,1.0,1
nordic,NRD-POTA0438,Carton,24.0,0
nordic,NRD-SALM0389,Kg,1.0,1
nordic,NRD-VANI0042,Nos,1.0,1
nordic,NRD-VANI0042,Carton,100.0,0
nordic,NRD-PRAW0385,Kg,1.0,1
nordic,NRD-CHIC0406,Kg,1.0,1
nordic,NRD-BUTT0179,Packet,1.0,1
nordic,NRD-BUTT0179,Carton,24.0,0
nordic,NRD-PUFF0150,Packet,1.0,1
nordic,NRD-PUFF0150,Carton,24.0,0
nordic,NRD-POTA0465,Packet,1.0,1
nordic,NRD-POTA0465,Carton,10.0,0
nordic,NRD-PRAW0226,Kg,1.0,1
nordic,NRD-POTA0105,Packet,1.0,1
nordic,NRD-POTA0105,Carton,6.0,0
nordic,NRD-PUFF0316,Packet,1.0,1
nordic,NRD-PUFF0316,Carton,100.0,0
nordic,NRD-POTA0225,Packet,1.0,1
nordic,NRD-POTA0225,Carton,24.0,0
nordic,NRD-MOZZ0200,Kg,1.0,1
nordic,NRD-SQUI0080,Kg,1.0,1
nordic,NRD-MOZZ0458,Kg,1.0,1
nordic,NRD-CHIC0313,Kg,1.0,1
nordic,NRD-PRAW0481,Kg,1.0,1
nordic,NRD-POTA0272,Packet,1.0,1
nordic,NRD-POTA0272,Carton,10.0,0
nordic,NRD-BUTT0001,Packet,1.0,1
nordic,NRD-BUTT0001,Carton,6.0,0
nordic,NRD-SALM0294,Kg,1.0,1
nordic,NRD-POTA0231,Packet,1.0,1
nordic,NRD-POTA0231,Carton,50.0,0
nordic,NRD-CHIC0324,Kg,1.0,1
nordic,NRD-PRAW0260,Kg,1.0,1
nordic,NRD-PUFF0125,Packet,1.0,1
nordic,NRD-PUFF0125,Carton,6.0,0
nordic,NRD-SQUI0155,Kg,1.0,1
nordic,NRD-VANI0472,Nos,1.0,1
nordic,NRD-VANI0472,Carton,24.0,0
nordic,NRD-VANI0383,Nos,1.0,1
nordic,NRD-VANI0383,Carton,24.0,0
nordic,NRD-SALM0130,Kg,1.0,1
nordic,NRD-BUTT0093-OLD,Packet,1.0,1
nordic,NRD-BUTT0093-OLD,Carton,10.0,0
nordic,NRD-BUTT0059,Packet,1.0,1
nordic,NRD-BUTT0059,Carton,6.0,0
nordic,NRD-SALM0159,Kg,1.0,1
nordic,NRD-SQUI0021,Kg,1.0,1
nordic,NRD-WHIP0361,Nos,1.0,1
nordic,NRD-WHIP0361,Carton,12.0,0
nordic,NRD-SQUI0023,Kg,1.0,1
nordic,NRD-PUFF0166,Packet,1.0,1
nordic,NRD-PUFF0166,Carton,100.0,0
nordic,NRD-BUTT0491,Packet,1.0,1
nordic,NRD-BUTT0491,Carton,12.0,0
nordic,NRD-CHIC0486,Kg,1.0,1
nordic,NRD-SALM0218,Kg,1.0,1
nordic,NRD-FULL0121,Nos,1.0,1
nordic,NRD-FULL0121,Carton,10.0,0
nordic,NRD-BEEF0241,Packet,1.0,1
nordic,NRD-BEEF0241,Carton,6.0,0
nordic,NRD-BEEF0373,Packet,1.0,1
nordic,NRD-BEEF0373,Carton,6.0,0
nordic,NRD-SALM0142,Kg,1.0,1
nordic,NRD-PRAW0450,Kg,1.0,1
nordic,NRD-PUFF0199,Packet,1.0,1
nordic,NRD-PUFF0199,Carton,50.0,0
nordic,NRD-CHIC0359,Kg,1.0,1
nordic,NRD-FULL0104,Nos,1.0,1
nordic,NRD-FULL0104,Carton,100.0,0
nordic,NRD-FULL0264,Nos,1.0,1
nordic,NRD-FULL0264,Carton,6.0,0
nordic,NRD-BUTT0320,Packet,1.0,1
nordic,NRD-BUTT0320,Carton,6.0,0
nordic,NRD-PUFF0078-OLD,Packet,1.0,1
nordic,NRD-PUFF0078-OLD,Carton,100.0,0
nordic,NRD-CHIC0034,Kg,1.0,1
nordic,NRD-SALM0484,Kg,1.0,1
nordic,NRD-BEEF0259-OLD,Packet,1.0,1
nordic,NRD-BEEF0259-OLD,Carton,50.0,0
nordic,NRD-CHIC0172,Kg,1.0,1
nordic,NRD-BUTT0321,Packet,1.0,1
nordic,NRD-BUTT0321,Carton,10.0,0
nordic,NRD-BUTT0015,Packet,1.0,1
nordic,NRD-BUTT0015,Carton,100.0,0
nordic,NRD-SALM0117,Kg,1.0,1
nordic,NRD-PRAW0285,Kg,1.0,1
nordic,NRD-BEEF0301,Packet,1.0,1
nordic,NRD-BEEF0301,Carton,50.0,0
nordic,NRD-MOZZ0018,Kg,1.0,1
nordic,NRD-PUFF0305,Packet,1.0,1
nordic,NRD-PUFF0305,Carton,6.0,0
nordic,NRD-BEEF0317,Packet,1.0,1
nordic,NRD-BEEF0317,Carton,6.0,0
nordic,NRD-PUFF0138,Packet,1.0,1
nordic,NRD-PUFF0138,Carton,24.0,0
nordic,NRD-PUFF0459,Packet,1.0,1
nordic,NRD-PUFF0459,Carton,10.0,0
nordic,NRD-BUTT0271,Packet,1.0,1
nordic,NRD-BUTT0271,Carton,50.0,0
nordic,NRD-BUTT0178,Packet,1.0,1
nordic,NRD-BUTT0178,Carton,24.0,0
nordic,NRD-SQUI0393,Kg,1.0,1
nordic,NRD-BUTT0029,Packet,1.0,1
nordic,NRD-BUTT0029,Carton,100.0,0
nordic,NRD-FULL0177,Nos,1.0,1
nordic,NRD-FULL0177,Carton,100.0,0
nordic,NRD-MOZZ0133,Kg,1.0,1
nordic,NRD-CHIC0365,Kg,1.0,1
nordic,NRD-POTA0157,Packet,1.0,1
nordic,NRD-POTA0157,Carton,24.0,0
nordic,NRD-SALM0398,Kg,1.0,1
nordic,NRD-MISC003,Nos,1.0,1
nordic,NRD-PUFF0068,Packet,1.0,1
nordic,NRD-PUFF0068,Carton,50.0,0
nordic,NRD-PUFF0492,Packet,1.0,1
nordic,NRD-PUFF0492,Carton,6.0,0
nordic,NRD-POTA0146,Packet,1.0,1
nordic,NRD-POTA0146,Carton,6.0,0
nordic,NRD-SALM0095,Kg,1.0,1
nordic,NRD-VANI0378,Nos,1.0,1
nordic,NRD-VANI0378,Carton,10.0,0
nordic,NRD-FULL0024,Nos,1.0,1
nordic,NRD-FULL0024,Carton,12.0,0
nordic,NRD-BEEF0235,Packet,1.0,1
nordic,NRD-BEEF0235,Carton,50.0,0
nordic,NRD-BEEF0395,Packet,1.0,1
nordic,NRD-BEEF0395,Carton,24.0,0
nordic,NRD-VANI0332,Nos,1.0,1
nordic,NRD-VANI0332,Carton,6.0,0
nordic,NRD-SALM0331,Kg,1.0,1
nordic,NRD-SALM0413,Kg,1.0,1
nordic,NRD-CHIC0253-OLD,Kg,1.0,1
nordic,NRD-FULL0174B,Nos,1.0,1
nordic,NRD-FULL0174B,Carton,144.0,0
nordic,NRD-BEEF0016,Packet,1.0,1
nordic,NRD-BEEF0016,Carton,100.0,0
nordic,NRD-SQUI0252,Kg,1.0,1
nordic,NRD-BEEF0407,Packet,1.0,1
nordic,NRD-BEEF0407,Carton,10.0,0
nordic,NRD-VANI0288,Nos,1.0,1
nordic,NRD-VANI0288,Carton,6.0,0
nordic,NRD-PUFF0222,Packet,1.0,1
nordic,NRD-PUFF0222,Carton,24.0,0
nordic,NRD-PUFF0367,Packet,1.0,1
nordic,NRD-PUFF0367,Carton,100.0,0
nordic,NRD-SALM0489,Kg,1.0,1
nordic,NRD-VANI0479,Nos,1.0,1
nordic,NRD-VANI0479,Carton,100.0,0
nordic,NRD-CHIC0329,Kg,1.0,1
nordic,NRD-BEEF0255,Packet,1.0,1
nordic,NRD-BEEF0255,Carton,10.0,0
nordic,NRD-PUFF0244,Packet,1.0,1
nordic,NRD-PUFF0244,Carton,50.0,0
nordic,NRD-SALM0457,Kg,1.0,1
nordic,NRD-CHIC0184,Kg,1.0,1
nordic,NRD-FULL0280,Nos,1.0,1
nordic,NRD-FULL0280,Carton,24.0,0
nordic,NRD-BEEF0355,Packet,1.0,1
nordic,NRD-BEEF0355,Carton,100.0,0
nordic,NRD-CHIC0239,Kg,1.0,1
nordic,NRD-PRAW0362,Kg,1.0,1
nordic,NRD-POTA0156-OLD,Packet,1.0,1
nordic,NRD-POTA0156-OLD,Carton,100.0,0
nordic,NRD-BUTT0194,Packet,1.0,1
nordic,NRD-BUTT0194,Carton,24.0,0
nordic,NRD-BUTT0088,Packet,1.0,1
nordic,NRD-BUTT0088,Carton,24.0,0
nordic,NRD-WHIP0330,Nos,1.0,1
nordic,NRD-WHIP0330,Carton,6.0,0
nordic,NRD-VANI0283,Nos,1.0,1
nordic,NRD-VANI0283,Carton,12.0,0
nordic,NRD-MOZZ0181,Kg,1.0,1
nordic,NRD-BEEF0209,Packet,1.0,1
nordic,NRD-BEEF0209,Carton,10.0,0
nordic,NRD-PRAW0141,Kg,1.0,1
nordic,NRD-CHIC0372,Kg,1.0,1
nordic,NRD-MISC000,Nos,1.0,1
nordic,NRD-SALM0251,Kg,1.0,1
nordic,NRD-VANI0243,Nos,1.0,1
nordic,NRD-VANI0243,Carton,6.0,0
nordic,NRD-POTA0377,Packet,1.0,1
nordic,NRD-POTA0377,Carton,24.0,0
nordic,NRD-CHIC0289,Kg,1.0,1
nordic,NRD-POTA0293,Packet,1.0,1
nordic,NRD-POTA0293,Carton,12.0,0
nordic,NRD-VANI0066,Nos,1.0,1
nordic,NRD-VANI0066,Carton,12.0,0
nordic,NRD-POTA0017,Packet,1.0,1
nordic,NRD-POTA0017,Carton,100.0,0
nordic,NRD-SALM0482,Kg,1.0,1
nordic,NRD-FULL0182,Nos,1.0,1
nordic,NRD-FULL0182,Carton,10.0,0
nordic,NRD-VANI0257,Nos,1.0,1
nordic,NRD-VANI0257,Carton,12.0,0
nordic,NRD-BEEF0007,Packet,1.0,1
nordic,NRD-BEEF0007,Carton,100.0,0
nordic,NRD-SALM0079,Kg,1.0,1
nordic,NRD-BEEF0259,Packet,1.0,1
nordic,NRD-BEEF0259,Carton,50.0,0
nordic,NRD-PUFF0429,Packet,1.0,1
nordic,NRD-PUFF0429,Carton,6.0,0
nordic,NRD-PRAW0013-OLD,Kg,1.0,1
nordic,NRD-WHIP0334B,Nos,1.0,1
nordic,NRD-WHIP0334B,Carton,144.0,0
nordic,NRD-CHIC0310,Kg,1.0,1
nordic,NRD-CHIC0360,Kg,1.0,1
nordic,NRD-CHIC0437,Kg,1.0,1
nordic,NRD-VANI0213,Nos,1.0,1
nordic,NRD-VANI0213,Carton,50.0,0
nordic,NRD-BUTT0262,Packet,1.0,1
nordic,NRD-BUTT0262,Carton,10.0,0
nordic,NRD-BEEF0368,Packet,1.0,1
nordic,NRD-BEEF0368,Carton,100.0,0
nordic,NRD-FULL0456,Nos,1.0,1
nordic,NRD-FULL0456,Carton,24.0,0
nordic,NRD-BUTT0183,Packet,1.0,1
nordic,NRD-BUTT0183,Carton,12.0,0
nordic,NRD-BEEF0187,Packet,1.0,1
nordic,NRD-BEEF0187,Carton,50.0,0
nordic,NRD-VANI0403,Nos,1.0,1
nordic,NRD-VANI0403,Carton,10.0,0
nordic,NRD-FULL0323,Nos,1.0,1
nordic,NRD-FULL0323,Carton,24.0,0
nordic,NRD-BUTT0090,Packet,1.0,1
nordic,NRD-BUTT0090,Carton,12.0,0
nordic,NRD-PUFF0085,Packet,1.0,1
nordic,NRD-PUFF0085,Carton,6.0,0
nordic,NRD-POTA0192,Packet,1.0,1
nordic,NRD-POTA0192,Carton,10.0,0
nordic,NRD-VANI0191,Nos,1.0,1
nordic,NRD-VANI0191,Carton,12.0,0
nordic,NRD-BUTT0108,Packet,1.0,1
nordic,NRD-BUTT0108,Carton,12.0,0
nordic,NRD-SALM0074,Kg,1.0,1
nordic,NRD-SALM0414,Kg,1.0,1
nordic,NRD-MOZZ0357,Kg,1.0,1
nordic,NRD-BEEF0228,Packet,1.0,1
nordic,NRD-BEEF0228,Carton,24.0,0
nordic,NRD-MOZZ0346,Kg,1.0,1
nordic,NRD-POTA0474,Packet,1.0,1
nordic,NRD-POTA0474,Carton,12.0,0
nordic,NRD-PRAW0025,Kg,1.0,1
nordic,NRD-BUTT0047,Packet,1.0,1
nordic,NRD-BUTT0047,Carton,6.0,0
nordic,NRD-PRAW0308,Kg,1.0,1
nordic,NRD-VANI0012,Nos,1.0,1
nordic,NRD-VANI0012,Carton,24.0,0
nordic,NRD-FULL0417,Nos,1.0,1
nordic,NRD-FULL0417,Carton,6.0,0
nordic,NRD-SALM0154,Kg,1.0,1
nordic,NRD-VANI0327-OLD,Nos,1.0,1
nordic,NRD-VANI0327-OLD,Carton,100.0,0
nordic,NRD-VANI0045,Nos,1.0,1
nordic,NRD-VANI0045,Carton,100.0,0
nordic,NRD-BEEF0467,Packet,1.0,1
nordic,NRD-BEEF0467,Carton,12.0,0
nordic,NRD-SQUI0149,Kg,1.0,1
nordic,NRD-BEEF0279,Packet,1.0,1
nordic,NRD-BEEF0279,Carton,100.0,0
nordic,NRD-POTA0234,Packet,1.0,1
nordic,NRD-POTA0234,Carton,6.0,0
nordic,NRD-MOZZ0483,Kg,1.0,1
nordic,NRD-CHIC0248,Kg,1.0,1
nordic,NRD-SALM0319,Kg,1.0,1
nordic,NRD-POTA0039,Packet,1.0,1
nordic,NRD-POTA0039,Carton,24.0,0
nordic,NRD-MISC001,Nos,1.0,1
nordic,NRD-PUFF0340,Packet,1.0,1
nordic,NRD-PUFF0340,Carton,24.0,0
nordic,NRD-SALM0064,Kg,1.0,1
nordic,NRD-PRAW0210,Kg,1.0,1
nordic,NRD-PUFF0453,Packet,1.0,1
nordic,NRD-PUFF0453,Carton,10.0,0
nordic,NRD-BEEF0091,Packet,1.0,1
nordic,NRD-BEEF0091,Carton,100.0,0
nordic,NRD-CHIC0300,Kg,1.0,1
nordic,NRD-PRAW0247,Kg,1.0,1
nordic,NRD-CHIC0168,Kg,1.0,1
nordic,NRD-SALM0207,Kg,1.0,1
nordic,NRD-BUTT0421,Packet,1.0,1
nordic,NRD-BUTT0421,Carton,100.0,0
nordic,NRD-PRAW0040,Kg,1.0,1
nordic,NRD-MOZZ0487,Kg,1.0,1
nordic,NRD-POTA0433,Packet,1.0,1
nordic,NRD-POTA0433,Carton,50.0,0
nordic,NRD-CHIC0096,Kg,1.0,1
nordic,NRD-CHIC0486-OLD,Kg,1.0,1
nordic,NRD-BUTT0491-OLD,Packet,1.0,1
nordic,NRD-BUTT0491-OLD,Carton,12.0,0
nordic,NRD-PUFF0444,Packet,1.0,1
nordic,NRD-PUFF0444,Carton,12.0,0
nordic,NRD-MOZZ0136,Kg,1.0,1
nordic,NRD-PRAW0206,Kg,1.0,1
nordic,NRD-SQUI0229,Kg,1.0,1
nordic,NRD-BUTT0302,Packet,1.0,1
nordic,NRD-BUTT0302,Carton,24.0,0
nordic,NRD-BUTT0211,Packet,1.0,1
nordic,NRD-BUTT0211,Carton,24.0,0
nordic,NRD-PRAW0341,Kg,1.0,1
nordic,NRD-CHIC0380,Kg,1.0,1
nordic,NRD-POTA0431,Packet,1.0,1
nordic,NRD-POTA0431,Carton,10.0,0
nordic,NRD-VANI0119,Nos,1.0,1
nordic,NRD-VANI0119,Carton,100.0,0
nordic,NRD-PRAW0224,Kg,1.0,1
nordic,NRD-CHIC0036,Kg,1.0,1
nordic,NRD-PRAW0055,Kg,1.0,1
nordic,NRD-SALM0076,Kg,1.0,1
nordic,NRD-SQUI0106,Kg,1.0,1
nordic,NRD-MOZZ0122,Kg,1.0,1
nordic,NRD-PRAW0461,Kg,1.0,1
nordic,NRD-VANI0060,Nos,1.0,1
nordic,NRD-VANI0060,Carton,10.0,0
nordic,NRD-FULL0028,Nos,1.0,1
nordic,NRD-FULL0028,Carton,6.0,0
nordic,NRD-CHIC0204,Kg,1.0,1
nordic,NRD-VANI0132,Nos,1.0,1
nordic,NRD-VANI0132,Carton,50.0,0
nordic,NRD-SALM0124,Kg,1.0,1
nordic,NRD-MOZZ0035,Kg,1.0,1
nordic,NRD-CHIC0274,Kg,1.0,1
nordic,NRD-PRAW0455,Kg,1.0,1
nordic,NRD-SALM0386,Kg,1.0,1
nordic,NRD-CHIC0375,Kg,1.0,1
nordic,NRD-CHIC0468,Kg,1.0,1
nordic,NRD-CHIC0167B,Kg,1.0,1
nordic,NRD-CHIC0167B,Carton,144.0,0
nordic,NRD-SALM0441,Kg,1.0,1
nordic,NRD-CHIC0240,Kg,1.0,1
nordic,NRD-PUFF0063,Packet,1.0,1
nordic,NRD-PUFF0063,Carton,10.0,0
nordic,NRD-CHIC0186,Kg,1.0,1
nordic,NRD-BEEF0476,Packet,1.0,1
nordic,NRD-BEEF0476,Carton,12.0,0
nordic,NRD-SALM0350,Kg,1.0,1
nordic,NRD-PUFF0078,Packet,1.0,1
nordic,NRD-PUFF0078,Carton,100.0,0
nordic,NRD-BEEF0046,Packet,1.0,1
nordic,NRD-BEEF0046,Carton,50.0,0
nordic,NRD-FULL0339,Nos,1.0,1
nordic,NRD-FULL0339,Carton,24.0,0
nordic,NRD-POTA0344,Packet,1.0,1
nordic,NRD-POTA0344,Carton,6.0,0
nordic,NRD-VANI0419,Nos,1.0,1
nordic,NRD-VANI0419,Carton,10.0,0
nordic,NRD-MOZZ0400-OLD,Kg,1.0,1
nordic,NRD-POTA0477,Packet,1.0,1
nordic,NRD-POTA0477,Carton,12.0,0
nordic,NRD-MOZZ0031,Kg,1.0,1
nordic,NRD-CHIC0167,Kg,1.0,1
nordic,NRD-POTA0173,Packet,1.0,1
nordic,NRD-POTA0173,Carton,24.0,0
nordic,NRD-WHIP0069,Nos,1.0,1
nordic,NRD-WHIP0069,Carton,50.0,0
nordic,NRD-BEEF0261,Packet,1.0,1
nordic,NRD-BEEF0261,Carton,6.0,0
nordic,NRD-BEEF0430,Packet,1.0,1
nordic,NRD-BEEF0430,Carton,6.0,0
nordic,NRD-MOZZ0356,Kg,1.0,1
nordic,NRD-CHIC0043,Kg,1.0,1
nordic,NRD-VANI0327,Nos,1.0,1
nordic,NRD-VANI0327,Carton,100.0,0
nordic,NRD-PRAW0198,Kg,1.0,1
nordic,NRD-CHIC0412,Kg,1.0,1
nordic,NRD-PRAW0048,Kg,1.0,1
nordic,NRD-BEEF0333,Packet,1.0,1
nordic,NRD-BEEF0333,Carton,10.0,0
nordic,NRD-POTA0061,Packet,1.0,1
nordic,NRD-POTA0061,Carton,100.0,0
nordic,NRD-WHIP0334,Nos,1.0,1
nordic,NRD-WHIP0334,Carton,6.0,0
nordic,NRD-FULL0420,Nos,1.0,1
nordic,NRD-FULL0420,Carton,24.0,0
nordic,NRD-SALM0277,Kg,1.0,1
nordic,NRD-CHIC0180,Kg,1.0,1
nordic,NRD-CHIC0073,Kg,1.0,1
nordic,NRD-PRAW0160,Kg,1.0,1
nordic,NRD-CHIC0197,Kg,1.0,1
nordic,NRD-WHIP0246,Nos,1.0,1
nordic,NRD-WHIP0246,Carton,100.0,0
nordic,NRD-SALM0298,Kg,1.0,1
nordic,NRD-SALM0004,Kg,1.0,1
nordic,NRD-MOZZ0176,Kg,1.0,1
nordic,NRD-MOZZ0116,Kg,1.0,1
nordic,NRD-MOZZ0221,Kg,1.0,1
nordic,NRD-BEEF0081,Packet,1.0,1
nordic,NRD-BEEF0081,Carton,12.0,0
nordic,NRD-POTA0250,Packet,1.0,1
nordic,NRD-POTA0250,Carton,100.0,0
nordic,NRD-FULL0174,Nos,1.0,1
nordic,NRD-FULL0174,Carton,50.0,0
nordic,NRD-BEEF0214,Packet,1.0,1
nordic,NRD-BEEF0214,Carton,12.0,0
nordic,NRD-BEEF0102,Packet,1.0,1
nordic,NRD-BEEF0102,Carton,10.0,0
nordic,NRD-SQUI0306,Kg,1.0,1
nordic,NRD-BUTT0227,Packet,1.0,1
nordic,NRD-BUTT0227,Carton,100.0,0
nordic,NRD-MOZZ0152,Kg,1.0,1
nordic,NRD-PUFF0244B,Packet,1.0,1
nordic,NRD-PUFF0244B,Carton,144.0,0
nordic,NRD-CHIC0311,Kg,1.0,1
nordic,NRD-CHIC0220,Kg,1.0,1
nordic,NRD-SALM0027,Kg,1.0,1
nordic,NRD-BEEF0232,Packet,1.0,1
nordic,NRD-BEEF0232,Carton,50.0,0
nordic,NRD-BEEF0445,Packet,1.0,1
nordic,NRD-BEEF0445,Carton,24.0,0
nordic,NRD-POTA0418,Packet,1.0,1
nordic,NRD-POTA0418,Carton,6.0,0
nordic,NRD-VANI0137,Nos,1.0,1
nordic,NRD-VANI0137,Carton,10.0,0
nordic,NRD-FULL0070,Nos,1.0,1
nordic,NRD-FULL0070,Carton,12.0,0
nordic,NRD-SQUI0077,Kg,1.0,1
nordic,NRD-SQUI0030,Kg,1.0,1
nordic,NRD-BEEF0351,Packet,1.0,1
nordic,NRD-BEEF0351,Carton,50.0,0
nordic,NRD-BEEF0006,Packet,1.0,1
nordic,NRD-BEEF0006,Carton,10.0,0
nordic,NRD-WHIP0111,Nos,1.0,1
nordic,NRD-WHIP0111,Carton,24.0,0
nordic,NRD-PUFF0258,Packet,1.0,1
nordic,NRD-PUFF0258,Carton,6.0,0
nordic,NRD-CHIC0428,Kg,1.0,1
nordic,NRD-BUTT0092,Packet,1.0,1
nordic,NRD-BUTT0092,Carton,24.0,0
nordic,NRD-PRAW0062,Kg,1.0,1
nordic,NRD-MOZZ0175,Kg,1.0,1
nordic,NRD-MOZZ0286,Kg,1.0,1
nordic,NRD-VANI0135,Nos,1.0,1
nordic,NRD-VANI0135,Carton,100.0,0
nordic,NRD-PRAW0009,Kg,1.0,1
nordic,NRD-PRAW0409,Kg,1.0,1
nordic,NRD-BEEF0161,Packet,1.0,1
nordic,NRD-BEEF0161,Carton,100.0,0
nordic,NRD-CHIC0049,Kg,1.0,1
nordic,NRD-CHIC0370,Kg,1.0,1
nordic,NRD-CHIC0392,Kg,1.0,1
nordic,NRD-SALM0216,Kg,1.0,1
nordic,NRD-FULL0292,Nos,1.0,1
nordic,NRD-FULL0292,Carton,6.0,0
nordic,NRD-POTA0391,Packet,1.0,1
nordic,NRD-POTA0391,Carton,6.0,0
nordic,NRD-MOZZ0143,Kg,1.0,1
nordic,NRD-CHIC0452,Kg,1.0,1
nordic,NRD-SALM0193,Kg,1.0,1
nordic,NRD-CHIC0358,Kg,1.0,1
nordic,NRD-CHIC0471,Kg,1.0,1
nordic,NRD-SALM0405B,Kg,1.0,1
nordic,NRD-SALM0405B,Carton,144.0,0
nordic,NRD-PUFF0002,Packet,1.0,1
nordic,NRD-PUFF0002,Carton,100.0,0
nordic,NRD-SQUI0454,Kg,1.0,1
nordic,NRD-PUFF0353,Packet,1.0,1
nordic,NRD-PUFF0353,Carton,12.0,0
nordic,NRD-POTA0163,Packet,1.0,1
nordic,NRD-POTA0163,Carton,50.0,0
nordic,NRD-CHIC0466,Kg,1.0,1
nordic,NRD-SALM0050,Kg,1.0,1
nordic,NRD-WHIP0011,Nos,1.0,1
nordic,NRD-WHIP0011,Carton,10.0,0
nordic,NRD-POTA0295,Packet,1.0,1
nordic,NRD-POTA0295,Carton,50.0,0
nordic,NRD-SALM0084,Kg,1.0,1
nordic,NRD-FULL0348,Nos,1.0,1
nordic,NRD-FULL0348,Carton,100.0,0
nordic,NRD-PRAW0387,Kg,1.0,1
nordic,NRD-BUTT0032,Packet,1.0,1
nordic,NRD-BUTT0032,Carton,12.0,0
nordic,NRD-PRAW0055-OLD,Kg,1.0,1
nordic,NRD-PRAW0140,Kg,1.0,1
nordic,NRD-CHIC0195,Kg,1.0,1
nordic,NRD-BEEF0369,Packet,1.0,1
nordic,NRD-BEEF0369,Carton,100.0,0
nordic,NRD-PUFF0126,Packet,1.0,1
nordic,NRD-PUFF0126,Carton,12.0,0
nordic,NRD-FULL0338,Nos,1.0,1
nordic,NRD-FULL0338,Carton,50.0,0
nordic,NRD-SQUI0021B,Kg,1.0,1
nordic,NRD-SQUI0021B,Carton,144.0,0
nordic,NRD-POTA0208,Packet,1.0,1
nordic,NRD-POTA0208,Carton,10.0,0
nordic,NRD-CHIC0101,Kg,1.0,1
nordic,NRD-POTA0188,Packet,1.0,1
nordic,NRD-POTA0188,Carton,50.0,0
nordic,NRD-FULL0432,Nos,1.0,1
nordic,NRD-FULL0432,Carton,12.0,0
nordic,NRD-BUTT0436,Packet,1.0,1
nordic,NRD-BUTT0436,Carton,12.0,0
nordic,NRD-FULL0041,Nos,1.0,1
nordic,NRD-FULL0041,Carton,10.0,0
nordic,NRD-CHIC0269,Kg,1.0,1
nordic,NRD-PRAW0376,Kg,1.0,1
nordic,NRD-CHIC0087,Kg,1.0,1
nordic,NRD-PRAW0384,Kg,1.0,1
nordic,NRD-MOZZ0446,Kg,1.0,1
nordic,NRD-POTA0401,Packet,1.0,1
nordic,NRD-POTA0401,Carton,24.0,0
nordic,NRD-PRAW0099,Kg,1.0,1
nordic,NRD-MOZZ0113,Kg,1.0,1
nordic,NRD-FULL0290,Nos,1.0,1
nordic,NRD-FULL0290,Carton,10.0,0
nordic,NRD-PUFF0314,Packet,1.0,1
nordic,NRD-PUFF0314,Carton,100.0,0
nordic,NRD-MOZZ0315,Kg,1.0,1
nordic,NRD-POTA0325,Packet,1.0,1
nordic,NRD-POTA0325,Carton,12.0,0
nordic,NRD-PRAW0013,Kg,1.0,1
nordic,NRD-BUTT0273,Packet,1.0,1
nordic,NRD-BUTT0273,Carton,24.0,0
nordic,NRD-PRAW0352,Kg,1.0,1
nordic,NRD-BEEF0425,Packet,1.0,1
nordic,NRD-BEEF0425,Carton,24.0,0
nordic,NRD-BEEF0278,Packet,1.0,1
nordic,NRD-BEEF0278,Carton,24.0,0
nordic,NRD-FULL0447,Nos,1.0,1
nordic,NRD-FULL0447,Carton,50.0,0
nordic,NRD-PRAW0337,Kg,1.0,1
nordic,NRD-MISC006,Nos,1.0,1
nordic,NRD-POTA0463,Packet,1.0,1
nordic,NRD-POTA0463,Carton,100.0,0
nordic,NRD-SQUI0282,Kg,1.0,1
nordic,NRD-PRAW0067,Kg,1.0,1
nordic,NRD-BUTT0402,Packet,1.0,1
nordic,NRD-BUTT0402,Carton,50.0,0
nordic,NRD-SQUI0071,Kg,1.0,1
nordic,NRD-BUTT0422,Packet,1.0,1
nordic,NRD-BUTT0422,Carton,6.0,0
nordic,NRD-POTA0371,Packet,1.0,1
nordic,NRD-POTA0371,Carton,50.0,0
nordic,NRD-PRAW0342,Kg,1.0,1
nordic,NRD-POTA0156,Packet,1.0,1
nordic,NRD-POTA0156,Carton,100.0,0
nordic,NRD-VANI0390,Nos,1.0,1
nordic,NRD-VANI0390,Carton,24.0,0
nordic,NRD-POTA0151,Packet,1.0,1
nordic,NRD-POTA0151,Carton,10.0,0
nordic,NRD-CHIC0374,Kg,1.0,1
nordic,NRD-MOZZ0451,Kg,1.0,1
nordic,NRD-SALM0331B,Kg,1.0,1
nordic,NRD-SALM0331B,Carton,144.0,0
nordic,NRD-MOZZ0400,Kg,1.0,1
nordic,NRD-CHIC0490,Kg,1.0,1
nordic,NRD-CHIC0212,Kg,1.0,1
nordic,NRD-PUFF0044,Packet,1.0,1
nordic,NRD-PUFF0044,Carton,50.0,0
nordic,NRD-BUTT0347,Packet,1.0,1
nordic,NRD-BUTT0347,Carton,6.0,0
nordic,NRD-MOZZ0189,Kg,1.0,1
nordic,NRD-BEEF0354,Packet,1.0,1
nordic,NRD-BEEF0354,Carton,10.0,0
nordic,NRD-POTA0326,Packet,1.0,1
nordic,NRD-POTA0326,Carton,6.0,0
nordic,NRD-VANI0427,Nos,1.0,1
nordic,NRD-VANI0427,Carton,6.0,0
nordic,NRD-CHIC0268,Kg,1.0,1
nordic,NRD-PRAW0275,Kg,1.0,1
nordic,NRD-BUTT0052,Packet,1.0,1
nordic,NRD-BUTT0052,Carton,10.0,0
nordic,NRD-CHIC0115,Kg,1.0,1
nordic,NRD-FULL0147,Nos,1.0,1
nordic,NRD-FULL0147,Carton,6.0,0
nordic,NRD-SQUI0397,Kg,1.0,1
nordic,NRD-WHIP0442,Nos,1.0,1
nordic,NRD-WHIP0442,Carton,50.0,0
nordic,NRD-FULL0236,Nos,1.0,1
nordic,NRD-FULL0236,Carton,24.0,0
nordic,NRD-CHIC0464,Kg,1.0,1
nordic,NRD-MISC002,Nos,1.0,1
nordic,NRD-POTA0164,Packet,1.0,1
nordic,NRD-POTA0164,Carton,24.0,0
nordic,NRD-VANI0148,Nos,1.0,1
nordic,NRD-VANI0148,Carton,10.0,0
nordic,NRD-FULL0010,Nos,1.0,1
nordic,NRD-FULL0010,Carton,12.0,0
nordic,NRD-BEEF0214B,Packet,1.0,1
nordic,NRD-BEEF0214B,Carton,144.0,0
nordic,NRD-PUFF0056,Packet,1.0,1
nordic,NRD-PUFF0056,Carton,10.0,0
nordic,NRD-PUFF0254,Packet,1.0,1
nordic,NRD-PUFF0254,Carton,100.0,0
nordic,NRD-POTA0309,Packet,1.0,1
nordic,NRD-POTA0309,Carton,12.0,0
nordic,NRD-POTA0388,Packet,1.0,1
nordic,NRD-POTA0388,Carton,10.0,0
nordic,NRD-PRAW0237,Kg,1.0,1
nordic,NRD-CHIC0217,Kg,1.0,1
nordic,NRD-SALM0276,Kg,1.0,1
nordic,NRD-SALM0094,Kg,1.0,1
nordic,NRD-BUTT0196,Packet,1.0,1
nordic,NRD-BUTT0196,Carton,24.0,0
nordic,NRD-BEEF0131,Packet,1.0,1
nordic,NRD-BEEF0131,Carton,100.0,0
nordic,NRD-PRAW0129,Kg,1.0,1
nordic,NRD-BUTT0037,Packet,1.0,1
nordic,NRD-BUTT0037,Carton,50.0,0
nordic,NRD-MOZZ0110,Kg,1.0,1
nordic,NRD-SALM0473,Kg,1.0,1
nordic,NRD-MISC004,Nos,1.0,1
nordic,NRD-BEEF0019,Packet,1.0,1
nordic,NRD-BEEF0019,Carton,50.0,0
nordic,NRD-CHIC0058,Kg,1.0,1
nordic,NRD-SALM0440,Kg,1.0,1
nordic,NRD-VANI0480,Nos,1.0,1
nordic,NRD-VANI0480,Carton,10.0,0
nordic,NRD-SALM0405,Kg,1.0,1
nordic,NRD-CHIC0026,Kg,1.0,1
nordic,NRD-MOZZ0415,Kg,1.0,1
nordic,NRD-WHIP0005,Nos,1.0,1
nordic,NRD-WHIP0005,Carton,10.0,0
nordic,NRD-SALM0223,Kg,1.0,1
nordic,NRD-PRAW0475,Kg,1.0,1
nordic,NRD-WHIP0083,Nos,1.0,1
nordic,NRD-WHIP0083,Carton,12.0,0
nordic,NRD-FULL0307,Nos,1.0,1
nordic,NRD-FULL0307,Carton,6.0,0
nordic,NRD-POTA0366,Packet,1.0,1
nordic,NRD-POTA0366,Carton,50.0,0
nordic,NRD-CHIC0107,Kg,1.0,1
nordic,NRD-SALM0322,Kg,1.0,1
nordic,NRD-POTA0394,Packet,1.0,1
nordic,NRD-POTA0394,Carton,50.0,0
nordic,NRD-PRAW0318,Kg,1.0,1
nordic,NRD-SQUI0249,Kg,1.0,1
nordic,NRD-CHIC0379,Kg,1.0,1
nordic,NRD-FULL0416,Nos,1.0,1
nordic,NRD-FULL0416,Carton,24.0,0
nordic,NRD-SQUI0381,Kg,1.0,1
nordic,NRD-CHIC0253,Kg,1.0,1
nordic,NRD-WHIP0230,Nos,1.0,1
nordic,NRD-WHIP0230,Carton,10.0,0
nordic,NRD-SALM0349,Kg,1.0,1
nordic,NRD-BEEF0165,Packet,1.0,1
nordic,NRD-BEEF0165,Carton,50.0,0
nordic,NRD-PUFF0297,Packet,1.0,1
nordic,NRD-PUFF0297,Carton,10.0,0
nordic,NRD-PUFF0098,Packet,1.0,1
nordic,NRD-PUFF0098,Carton,10.0,0
nordic,NRD-PRAW0245,Kg,1.0,1
nordic,NRD-CHIC0411,Kg,1.0,1
nordic,NRD-PRAW0266,Kg,1.0,1
nordic,NRD-FULL0410,Nos,1.0,1
nordic,NRD-FULL0410,Carton,12.0,0
nordic,NRD-POTA0485,Packet,1.0,1
nordic,NRD-POTA0485,Carton,12.0,0
nordic,NRD-CHIC0144,Kg,1.0,1
nordic,NRD-MOZZ0170,Kg,1.0,1
nordic,NRD-PRAW0097,Kg,1.0,1
nordic,NRD-SQUI0434,Kg,1.0,1
nordic,NRD-PRAW0051,Kg,1.0,1
nordic,NRD-SALM0064B,Kg,1.0,1
nordic,NRD-SALM0064B,Carton,144.0,0
nordic,NRD-VANI0202,Nos,1.0,1
nordic,NRD-VANI0202,Carton,10.0,0
nordic,NRD-FULL0082,Nos,1.0,1
nordic,NRD-FULL0082,Carton,6.0,0
nordic,NRD-PUFF0281,Packet,1.0,1
nordic,NRD-PUFF0281,Carton,50.0,0
nordic,NRD-PRAW0053,Kg,1.0,1
nordic,NRD-POTA0128,Packet,1.0,1
nordic,NRD-POTA0128,Carton,100.0,0
nordic,NRD-SALM0448,Kg,1.0,1
nordic,NRD-SALM0201,Kg,1.0,1
nordic,NRD-VANI0242,Nos,1.0,1
nordic,NRD-VANI0242,Carton,6.0,0
nordic,NRD-VANI0345,Nos,1.0,1
nordic,NRD-VANI0345,Carton,100.0,0
nordic,NRD-PRAW0291,Kg,1.0,1
nordic,NRD-MOZZ0364,Kg,1.0,1
nordic,NRD-SALM0470,Kg,1.0,1
nordic,NRD-SALM0404,Kg,1.0,1
nordic,NRD-BUTT0399,Packet,1.0,1
nordic,NRD-BUTT0399,Carton,50.0,0
nordic,NRD-POTA0238,Packet,1.0,1
nordic,NRD-POTA0238,Carton,100.0,0
nordic,NRD-MOZZ0205,Kg,1.0,1
nordic,NRD-SALM0033,Kg,1.0,1
nordic,NRD-MOZZ0054,Kg,1.0,1
nordic,NRD-CHIC0215,Kg,1.0,1
nordic,NRD-CHIC0396,Kg,1.0,1
nordic,NRD-BEEF0265,Packet,1.0,1
nordic,NRD-BEEF0265,Carton,6.0,0
nordic,NRD-CHIC0162,Kg,1.0,1
nordic,NRD-BEEF0014,Packet,1.0,1
nordic,NRD-BEEF0014,Carton,6.0,0
nordic,NRD-SALM0123,Kg,1.0,1
nordic,NRD-SQUI0304,Kg,1.0,1
nordic,NRD-PUFF0296,Packet,1.0,1
nordic,NRD-PUFF0296,Carton,24.0,0
nordic,NRD-PUFF0408,Packet,1.0,1
nordic,NRD-PUFF0408,Carton,50.0,0
nordic,NRD-BEEF0343,Packet,1.0,1
nordic,NRD-BEEF0343,Carton,24.0,0
nordic,NRD-SALM0100,Kg,1.0,1
nordic,NRD-POTA0158,Packet,1.0,1
nordic,NRD-POTA0158,Carton,12.0,0
nordic,NRD-CHIC0219,Kg,1.0,1
nordic,NRD-BEEF0185,Packet,1.0,1
nordic,NRD-BEEF0185,Carton,10.0,0
nordic,NRD-SALM0114,Kg,1.0,1
nordic,NRD-VANI0190,Nos,1.0,1
nordic,NRD-VANI0190,Carton,12.0,0
nordic,NRD-CHIC0153,Kg,1.0,1
nordic,NRD-BEEF0284,Packet,1.0,1
nordic,NRD-BEEF0284,Carton,50.0,0
nordic,NRD-BEEF0072,Packet,1.0,1
nordic,NRD-BEEF0072,Carton,6.0,0
nordic,NRD-PUFF0297-OLD,Packet,1.0,1
nordic,NRD-PUFF0297-OLD,Carton,10.0,0
nordic,NRD-FULL0462,Nos,1.0,1
nordic,NRD-FULL0462,Carton,24.0,0
nordic,NRD-SQUI0488,Kg,1.0,1
nordic,NRD-BEEF0439,Packet,1.0,1
nordic,NRD-BEEF0439,Carton,6.0,0
nordic,NRD-PRAW0256,Kg,1.0,1
nordic,NRD-MISC005,Nos,1.0,1
nordic,NRD-PUFF0171,Packet,1.0,1
nordic,NRD-PUFF0171,Carton,50.0,0
nordic,NRD-BUTT0003,Packet,1.0,1
nordic,NRD-BUTT0003,Carton,10.0,0
nordic,NRD-FULL0127,Nos,1.0,1
nordic,NRD-FULL0127,Carton,100.0,0
nordic,NRD-WHIP0328,Nos,1.0,1
nordic,NRD-WHIP0328,Carton,6.0,0
nordic,NRD-CHIC0169,Kg,1.0,1
nordic,NRD-CHIC0233,Kg,1.0,1
nordic,NRD-VANI0075,Nos,1.0,1
nordic,NRD-VANI0075,Carton,100.0,0
nordic,NRD-SQUI0022,Kg,1.0,1
nordic,NRD-FULL0038,Nos,1.0,1
nordic,NRD-FULL0038,Carton,24.0,0
nordic,NRD-POTA0086,Packet,1.0,1
nordic,NRD-POTA0086,Carton,12.0,0
nordic,NRD-PUFF0303,Packet,1.0,1
nordic,NRD-PUFF0303,Carton,6.0,0
nordic,NRD-MOZZ0145,Kg,1.0,1
nordic,NRD-CHIC0008,Kg,1.0,1
nordic,NRD-BEEF0469,Packet,1.0,1
nordic,NRD-BEEF0469,Carton,100.0,0
nordic,NRD-BEEF0351-OLD,Packet,1.0,1
nordic,NRD-BEEF0351-OLD,Carton,50.0,0
